datetime,open,high,low,close,vol
2014-11-26 03:00:00, 1196.8 , 1198.3 , 1195.8 , 1197.8 ,    1091 
2014-11-26 04:00:00, 1197.6 , 1199.8 , 1196.9 , 1199.3 ,     236 
2014-11-26 05:00:00, 1199.3 , 1201.1 , 1199.0 , 1200.0 ,     430 
2014-11-26 06:00:00, 1199.9 , 1200.8 , 1199.8 , 1200.6 ,    1208 
2014-11-26 07:00:00, 1201.6 , 1201.6 , 1200.2 , 1200.9 ,    1074 
2014-11-26 08:00:00, 1201.1 , 1201.4 , 1198.3 , 1198.9 ,    2086 
2014-11-26 09:00:00, 1198.9 , 1200.0 , 1198.4 , 1199.0 ,     992 
2014-11-26 10:00:00, 1198.9 , 1199.7 , 1198.5 , 1198.8 ,     785 
2014-11-26 11:00:00, 1198.7 , 1199.6 , 1198.5 , 1199.0 ,    1641 
2014-11-26 12:00:00, 1199.1 , 1199.1 , 1198.1 , 1198.4 ,     569 
2014-11-26 13:00:00, 1198.4 , 1199.8 , 1198.0 , 1199.5 ,    1674 
2014-11-26 14:00:00, 1199.6 , 1200.4 , 1199.2 , 1199.8 ,    1523 
2014-11-26 15:00:00, 1199.8 , 1200.7 , 1199.4 , 1199.4 ,     793 
2014-11-26 16:00:00, 1199.5 , 1199.9 , 1197.5 , 1197.6 ,     359 
2014-11-26 17:00:00, 1197.6 , 1198.4 , 1195.2 , 1195.9 ,     364 
2014-11-26 18:00:00, 1196.0 , 1196.9 , 1194.8 , 1196.0 ,     166 
2014-11-26 19:00:00, 1196.0 , 1199.1 , 1194.8 , 1198.6 ,     234 
2014-11-26 20:00:00, 1198.6 , 1198.8 , 1196.5 , 1197.0 ,      41 
2014-11-26 21:00:00, 1196.9 , 1199.3 , 1194.6 , 1196.9 ,     204 
2014-11-26 22:00:00, 1196.9 , 1199.7 , 1196.5 , 1198.2 ,     305 
2014-11-26 23:00:00, 1198.4 , 1199.4 , 1196.4 , 1198.6 ,     376 
2014-11-27 00:00:00, 1198.7 , 1198.7 , 1196.1 , 1198.0 ,      96 
2014-11-27 01:00:00, 1198.0 , 1199.0 , 1197.8 , 1198.0 ,      71 
2014-11-27 02:00:00, 1198.1 , 1198.7 , 1197.3 , 1197.8 ,      40 
2014-11-27 03:00:00, 1197.9 , 1198.2 , 1196.5 , 1197.5 ,     148 
2014-11-27 04:00:00, 1197.3 , 1198.0 , 1197.3 , 1197.6 ,     244 
2014-11-27 05:00:00, 1197.6 , 1198.1 , 1197.3 , 1197.6 ,     142 
2014-11-27 06:00:00, 1197.5 , 1198.5 , 1197.5 , 1198.1 ,     404 
2014-11-27 07:00:00, 1197.8 , 1198.0 , 1195.9 , 1197.3 ,     400 
2014-11-27 08:00:00, 1197.2 , 1199.3 , 1197.2 , 1198.8 ,     146 
2014-11-27 09:00:00, 1198.9 , 1199.3 , 1196.5 , 1197.6 ,     315 
2014-11-27 10:00:00, 1197.6 , 1197.6 , 1195.3 , 1195.5 ,     132 
2014-11-27 11:00:00, 1195.4 , 1195.8 , 1192.3 , 1192.5 ,     166 
2014-11-27 12:00:00, 1192.4 , 1192.4 , 1185.2 , 1187.2 ,     122 
2014-11-27 13:00:00, 1187.0 , 1193.9 , 1186.6 , 1193.3 ,     862 
2014-11-27 14:00:00, 1193.3 , 1197.6 , 1193.1 , 1197.1 ,     280 
2014-11-27 15:00:00, 1197.2 , 1198.4 , 1191.8 , 1195.1 ,     119 
2014-11-27 16:00:00, 1195.1 , 1195.2 , 1192.8 , 1193.7 ,     131 
2014-11-27 17:00:00, 1193.8 , 1195.9 , 1193.4 , 1194.5 ,     168 
2014-11-27 18:00:00, 1194.4 , 1196.6 , 1194.0 , 1195.5 ,     124 
2014-11-27 19:00:00, 1195.6 , 1197.1 , 1194.8 , 1196.5 ,     164 
2014-11-27 20:00:00, 1196.5 , 1196.6 , 1194.9 , 1195.2 ,      18 
2014-11-27 21:00:00, 1195.2 , 1196.4 , 1193.2 , 1195.8 ,     166 
2014-11-27 22:00:00, 1195.8 , 1196.4 , 1193.3 , 1194.1 ,    1224 
2014-11-27 23:00:00, 1194.0 , 1195.0 , 1188.9 , 1191.0 ,     637 
2014-11-28 00:00:00, 1190.9 , 1192.4 , 1188.5 , 1191.2 ,     316 
2014-11-28 01:00:00, 1191.1 , 1193.8 , 1187.2 , 1190.4 ,     681 
2014-11-28 07:00:00, 1189.8 , 1191.1 , 1187.2 , 1188.8 ,     306 
2014-11-28 08:00:00, 1188.9 , 1190.2 , 1186.6 , 1187.6 ,     332 
2014-11-28 09:00:00, 1187.6 , 1187.7 , 1183.6 , 1186.1 ,     101 
2014-11-28 10:00:00, 1186.0 , 1186.3 , 1183.9 , 1184.3 ,     449 
2014-11-28 11:00:00, 1184.4 , 1185.5 , 1181.0 , 1182.7 ,     668 
2014-11-28 12:00:00, 1182.6 , 1185.3 , 1181.8 , 1183.6 ,     404 
2014-11-28 13:00:00, 1183.6 , 1184.9 , 1182.9 , 1184.4 ,     220 
2014-11-28 14:00:00, 1184.3 , 1186.3 , 1183.9 , 1186.1 ,     291 
2014-11-28 15:00:00, 1186.1 , 1187.8 , 1184.3 , 1184.9 ,     401 
2014-11-28 16:00:00, 1184.9 , 1185.1 , 1182.0 , 1183.8 ,     999 
2014-11-28 17:00:00, 1183.8 , 1185.1 , 1182.9 , 1183.9 ,     129 
2014-11-28 18:00:00, 1184.0 , 1184.6 , 1181.3 , 1181.6 ,     999 
2014-11-28 19:00:00, 1181.4 , 1183.3 , 1178.2 , 1182.2 ,    1412 
2014-11-28 20:00:00, 1182.1 , 1184.1 , 1181.1 , 1184.1 ,     388 
2014-11-28 21:00:00, 1184.0 , 1188.3 , 1178.7 , 1179.1 ,     319 
2014-11-28 22:00:00, 1179.1 , 1182.4 , 1175.5 , 1181.8 ,     168 
2014-11-28 23:00:00, 1181.9 , 1183.1 , 1179.5 , 1182.0 ,     223 
2014-11-29 00:00:00, 1181.9 , 1182.1 , 1176.7 , 1177.7 ,     215 
2014-11-29 01:00:00, 1177.9 , 1178.3 , 1163.9 , 1165.5 ,       9 
2014-11-29 02:00:00, 1165.5 , 1168.4 , 1165.1 , 1165.8 ,     134 
2014-12-01 07:00:00, 1159.4 , 1159.5 , 1141.7 , 1149.7 ,     605 
2014-12-01 08:00:00, 1149.7 , 1153.5 , 1147.8 , 1151.8 ,     338 
2014-12-01 09:00:00, 1151.8 , 1152.5 , 1145.5 , 1150.8 ,     249 
2014-12-01 10:00:00, 1150.9 , 1151.8 , 1149.5 , 1150.8 ,     174 
2014-12-01 11:00:00, 1150.7 , 1151.3 , 1149.6 , 1150.6 ,     214 
2014-12-01 12:00:00, 1150.6 , 1151.2 , 1149.4 , 1150.7 ,     319 
2014-12-01 13:00:00, 1150.6 , 1151.4 , 1149.3 , 1150.7 ,     228 
2014-12-01 14:00:00, 1150.7 , 1158.7 , 1150.0 , 1153.4 ,     176 
2014-12-01 15:00:00, 1153.5 , 1157.5 , 1152.7 , 1156.0 ,     645 
2014-12-01 16:00:00, 1156.1 , 1165.9 , 1153.6 , 1161.3 ,     361 
2014-12-01 17:00:00, 1161.4 , 1183.0 , 1160.8 , 1174.8 ,     306 
2014-12-01 18:00:00, 1174.9 , 1179.0 , 1172.0 , 1172.5 ,     136 
2014-12-01 19:00:00, 1172.5 , 1174.4 , 1170.5 , 1173.0 ,     363 
2014-12-01 20:00:00, 1172.6 , 1177.9 , 1168.0 , 1175.6 ,     473 
2014-12-01 21:00:00, 1175.6 , 1184.0 , 1175.5 , 1179.3 ,     182 
2014-12-01 22:00:00, 1179.4 , 1198.0 , 1179.3 , 1195.2 ,     793 
2014-12-01 23:00:00, 1195.2 , 1200.3 , 1191.2 , 1196.7 ,     432 
2014-12-02 00:00:00, 1196.9 , 1205.9 , 1192.4 , 1203.3 ,     231 
2014-12-02 01:00:00, 1203.3 , 1218.9 , 1202.2 , 1214.8 ,     192 
2014-12-02 02:00:00, 1214.8 , 1221.0 , 1213.5 , 1218.9 ,     271 
2014-12-02 03:00:00, 1218.9 , 1219.1 , 1211.4 , 1211.8 ,     112 
2014-12-02 04:00:00, 1211.7 , 1213.5 , 1210.4 , 1212.5 ,     256 
2014-12-02 05:00:00, 1212.6 , 1213.1 , 1210.2 , 1211.8 ,      19 
2014-12-02 06:00:00, 1211.7 , 1212.3 , 1210.9 , 1211.8 ,      47 
2014-12-02 07:00:00, 1212.6 , 1212.6 , 1204.8 , 1205.6 ,     484 
2014-12-02 08:00:00, 1205.5 , 1207.5 , 1202.8 , 1203.9 ,     129 
2014-12-02 09:00:00, 1204.0 , 1208.9 , 1204.0 , 1205.9 ,     118 
2014-12-02 10:00:00, 1205.9 , 1206.0 , 1203.7 , 1204.7 ,     480 
2014-12-02 11:00:00, 1204.7 , 1205.3 , 1203.1 , 1204.8 ,     497 
2014-12-02 12:00:00, 1204.9 , 1206.2 , 1203.7 , 1203.9 ,     258 
2014-12-02 13:00:00, 1203.8 , 1207.2 , 1203.4 , 1207.1 ,      93 
2014-12-02 14:00:00, 1207.2 , 1210.4 , 1206.6 , 1207.1 ,     491 
2014-12-02 15:00:00, 1207.0 , 1208.4 , 1203.8 , 1205.2 ,     696 
2014-12-02 16:00:00, 1205.1 , 1205.7 , 1196.8 , 1198.2 ,     529 
2014-12-02 17:00:00, 1198.1 , 1198.6 , 1192.1 , 1196.0 ,     249 
2014-12-02 18:00:00, 1195.8 , 1200.2 , 1193.4 , 1200.2 ,     222 
2014-12-02 19:00:00, 1200.2 , 1200.8 , 1195.0 , 1195.4 ,     267 
2014-12-02 20:00:00, 1195.3 , 1196.0 , 1191.4 , 1193.5 ,     168 
2014-12-02 21:00:00, 1193.5 , 1203.0 , 1193.4 , 1201.0 ,      78 
2014-12-02 22:00:00, 1200.9 , 1201.9 , 1193.4 , 1195.1 ,     332 
2014-12-02 23:00:00, 1195.1 , 1200.8 , 1194.1 , 1200.7 ,     408 
2014-12-03 00:00:00, 1200.7 , 1203.4 , 1197.0 , 1199.4 ,     359 
2014-12-03 01:00:00, 1199.4 , 1199.6 , 1196.8 , 1198.7 ,     196 
2014-12-03 02:00:00, 1198.7 , 1199.6 , 1195.5 , 1196.2 ,     188 
2014-12-03 03:00:00, 1196.1 , 1199.5 , 1196.0 , 1198.9 ,     961 
2014-12-03 04:00:00, 1198.9 , 1199.9 , 1197.3 , 1198.0 ,     699 
2014-12-03 05:00:00, 1197.8 , 1198.7 , 1197.6 , 1197.8 ,     178 
2014-12-03 06:00:00, 1197.7 , 1197.8 , 1197.3 , 1197.5 ,     321 
2014-12-03 07:00:00, 1197.6 , 1198.2 , 1195.8 , 1197.4 ,     296 
2014-12-03 08:00:00, 1197.4 , 1197.4 , 1193.5 , 1195.3 ,     413 
2014-12-03 09:00:00, 1195.4 , 1200.6 , 1195.3 , 1200.1 ,     212 
2014-12-03 10:00:00, 1200.2 , 1200.3 , 1197.6 , 1199.2 ,     111 
2014-12-03 11:00:00, 1199.3 , 1200.3 , 1198.7 , 1199.5 ,     880 
2014-12-03 12:00:00, 1199.5 , 1200.6 , 1198.2 , 1198.9 ,     414 
2014-12-03 13:00:00, 1199.0 , 1201.5 , 1198.9 , 1200.5 ,     342 
2014-12-03 14:00:00, 1200.6 , 1201.2 , 1199.6 , 1200.4 ,     356 
2014-12-03 15:00:00, 1200.3 , 1204.8 , 1199.5 , 1204.2 ,     143 
2014-12-03 16:00:00, 1204.2 , 1208.0 , 1204.1 , 1205.2 ,     216 
2014-12-03 17:00:00, 1205.2 , 1207.3 , 1202.6 , 1204.2 ,     198 
2014-12-03 18:00:00, 1204.2 , 1205.1 , 1202.6 , 1203.8 ,     507 
2014-12-03 19:00:00, 1203.8 , 1203.8 , 1199.5 , 1200.8 ,     609 
2014-12-03 20:00:00, 1200.8 , 1203.4 , 1199.1 , 1202.6 ,     760 
2014-12-03 21:00:00, 1202.6 , 1207.3 , 1201.7 , 1202.9 ,     740 
2014-12-03 22:00:00, 1203.0 , 1208.2 , 1201.8 , 1205.5 ,     264 
2014-12-03 23:00:00, 1205.4 , 1211.9 , 1203.4 , 1211.1 ,    1583 
2014-12-04 00:00:00, 1211.2 , 1215.0 , 1208.4 , 1208.5 ,     753 
2014-12-04 01:00:00, 1208.6 , 1210.8 , 1205.9 , 1210.3 ,     350 
2014-12-04 02:00:00, 1210.3 , 1211.0 , 1207.7 , 1208.3 ,     293 
2014-12-04 03:00:00, 1208.3 , 1211.2 , 1207.5 , 1209.3 ,     471 
2014-12-04 04:00:00, 1209.4 , 1211.4 , 1209.0 , 1210.6 ,     384 
2014-12-04 05:00:00, 1210.5 , 1210.7 , 1209.3 , 1209.4 ,     107 
2014-12-04 06:00:00, 1209.2 , 1209.6 , 1209.1 , 1209.1 ,     766 
2014-12-04 07:00:00, 1209.3 , 1209.5 , 1207.2 , 1208.1 ,    3306 
2014-12-04 08:00:00, 1208.1 , 1208.4 , 1206.8 , 1207.5 ,    1423 
2014-12-04 09:00:00, 1207.4 , 1209.7 , 1207.4 , 1208.3 ,     308 
2014-12-04 10:00:00, 1208.2 , 1208.7 , 1207.2 , 1207.6 ,     501 
2014-12-04 11:00:00, 1207.6 , 1208.2 , 1206.9 , 1207.0 ,     525 
2014-12-04 12:00:00, 1207.0 , 1207.4 , 1204.6 , 1206.5 ,     321 
2014-12-04 13:00:00, 1206.3 , 1207.1 , 1205.5 , 1206.4 ,     559 
2014-12-04 14:00:00, 1206.2 , 1208.0 , 1205.8 , 1206.2 ,    1664 
2014-12-04 15:00:00, 1206.2 , 1206.5 , 1202.5 , 1204.6 ,    1774 
2014-12-04 16:00:00, 1204.6 , 1206.5 , 1203.6 , 1204.7 ,    1358 
2014-12-04 17:00:00, 1204.7 , 1205.3 , 1203.2 , 1204.9 ,     463 
2014-12-04 18:00:00, 1205.0 , 1205.8 , 1202.7 , 1202.9 ,     307 
2014-12-04 19:00:00, 1202.9 , 1203.3 , 1201.1 , 1202.4 ,     221 
2014-12-04 20:00:00, 1202.4 , 1205.3 , 1201.6 , 1204.5 ,     478 
2014-12-04 21:00:00, 1204.7 , 1213.5 , 1204.1 , 1210.4 ,      29 
2014-12-04 22:00:00, 1210.4 , 1212.3 , 1202.9 , 1207.7 ,     187 
2014-12-04 23:00:00, 1207.6 , 1210.7 , 1206.2 , 1209.6 ,     713 
2014-12-05 00:00:00, 1209.4 , 1210.3 , 1207.9 , 1209.3 ,     535 
2014-12-05 01:00:00, 1209.4 , 1209.6 , 1205.8 , 1207.1 ,     194 
2014-12-05 02:00:00, 1207.1 , 1208.9 , 1206.5 , 1207.8 ,     527 
2014-12-05 03:00:00, 1207.8 , 1208.5 , 1207.1 , 1207.7 ,     189 
2014-12-05 04:00:00, 1207.8 , 1208.8 , 1206.1 , 1206.4 ,     636 
2014-12-05 05:00:00, 1206.2 , 1206.6 , 1204.8 , 1205.5 ,     316 
2014-12-05 06:00:00, 1205.5 , 1206.0 , 1204.8 , 1206.0 ,     628 
2014-12-05 07:00:00, 1205.9 , 1206.4 , 1203.7 , 1204.5 ,    1077 
2014-12-05 08:00:00, 1204.5 , 1206.3 , 1204.1 , 1204.4 ,     670 
2014-12-05 09:00:00, 1204.3 , 1205.1 , 1203.4 , 1204.1 ,     637 
2014-12-05 10:00:00, 1204.2 , 1204.7 , 1202.2 , 1202.9 ,     382 
2014-12-05 11:00:00, 1203.0 , 1203.9 , 1202.6 , 1202.9 ,     825 
2014-12-05 12:00:00, 1202.8 , 1203.4 , 1202.0 , 1202.9 ,     688 
2014-12-05 13:00:00, 1202.9 , 1205.5 , 1201.8 , 1204.4 ,     188 
2014-12-05 14:00:00, 1204.4 , 1204.8 , 1202.8 , 1204.6 ,    1144 
2014-12-05 15:00:00, 1204.6 , 1206.7 , 1204.4 , 1205.2 ,     574 
2014-12-05 16:00:00, 1205.3 , 1205.3 , 1202.9 , 1203.5 ,     977 
2014-12-05 17:00:00, 1203.4 , 1204.7 , 1202.3 , 1203.9 ,    1207 
2014-12-05 18:00:00, 1203.8 , 1204.8 , 1203.4 , 1204.0 ,     756 
2014-12-05 19:00:00, 1203.9 , 1204.4 , 1201.9 , 1202.4 ,     288 
2014-12-05 20:00:00, 1202.5 , 1204.7 , 1196.8 , 1203.5 ,     328 
2014-12-05 21:00:00, 1203.6 , 1208.5 , 1186.4 , 1193.2 ,      23 
2014-12-05 22:00:00, 1193.3 , 1200.8 , 1192.7 , 1193.2 ,      73 
2014-12-05 23:00:00, 1193.4 , 1196.4 , 1192.5 , 1195.2 ,     992 
2014-12-06 00:00:00, 1195.3 , 1195.7 , 1192.4 , 1194.0 ,     624 
2014-12-06 01:00:00, 1194.1 , 1194.1 , 1189.3 , 1190.0 ,     257 
2014-12-06 02:00:00, 1190.1 , 1192.0 , 1189.3 , 1191.2 ,     307 
2014-12-06 03:00:00, 1191.3 , 1192.4 , 1189.8 , 1190.9 ,     608 
2014-12-06 04:00:00, 1191.0 , 1193.3 , 1190.8 , 1191.3 ,     776 
2014-12-06 05:00:00, 1191.4 , 1193.1 , 1190.2 , 1192.4 ,     599 
2014-12-06 06:00:00, 1192.4 , 1193.1 , 1192.2 , 1192.6 ,     124 
2014-12-08 07:00:00, 1191.2 , 1191.2 , 1187.3 , 1189.5 ,     682 
2014-12-08 08:00:00, 1189.4 , 1192.1 , 1188.8 , 1191.7 ,     247 
2014-12-08 09:00:00, 1191.7 , 1194.8 , 1191.6 , 1194.0 ,     311 
2014-12-08 10:00:00, 1194.1 , 1194.5 , 1192.6 , 1193.0 ,     137 
2014-12-08 11:00:00, 1192.9 , 1193.5 , 1191.9 , 1192.5 ,     196 
2014-12-08 12:00:00, 1192.5 , 1193.6 , 1191.9 , 1193.1 ,     214 
2014-12-08 13:00:00, 1193.2 , 1194.8 , 1192.6 , 1194.0 ,     348 
2014-12-08 14:00:00, 1194.1 , 1194.5 , 1192.6 , 1193.5 ,    1816 
2014-12-08 15:00:00, 1193.7 , 1196.8 , 1193.0 , 1194.9 ,     618 
2014-12-08 16:00:00, 1195.0 , 1198.7 , 1194.0 , 1195.3 ,     560 
2014-12-08 17:00:00, 1195.3 , 1196.7 , 1194.9 , 1196.2 ,     280 
2014-12-08 18:00:00, 1196.2 , 1196.5 , 1194.4 , 1195.2 ,      72 
2014-12-08 19:00:00, 1195.3 , 1196.0 , 1194.7 , 1195.0 ,     235 
2014-12-08 20:00:00, 1195.1 , 1196.6 , 1193.9 , 1194.2 ,     467 
2014-12-08 21:00:00, 1194.1 , 1195.6 , 1192.7 , 1194.7 ,      46 
2014-12-08 22:00:00, 1194.7 , 1198.4 , 1192.8 , 1193.3 ,      95 
2014-12-08 23:00:00, 1193.1 , 1195.9 , 1193.1 , 1193.9 ,     783 
2014-12-09 00:00:00, 1193.8 , 1194.5 , 1191.5 , 1192.2 ,     354 
2014-12-09 01:00:00, 1192.1 , 1195.7 , 1191.8 , 1193.6 ,     152 
2014-12-09 02:00:00, 1193.5 , 1200.8 , 1193.5 , 1199.0 ,     196 
2014-12-09 03:00:00, 1198.9 , 1209.3 , 1198.9 , 1203.7 ,     216 
2014-12-09 04:00:00, 1203.7 , 1206.3 , 1203.3 , 1205.0 ,     214 
2014-12-09 05:00:00, 1205.2 , 1205.4 , 1202.7 , 1203.7 ,      72 
2014-12-09 06:00:00, 1203.6 , 1203.8 , 1203.2 , 1203.7 ,     124 
2014-12-09 07:00:00, 1203.8 , 1204.1 , 1202.5 , 1203.2 ,     410 
2014-12-09 08:00:00, 1203.3 , 1203.4 , 1200.2 , 1200.6 ,     369 
2014-12-09 09:00:00, 1200.7 , 1203.1 , 1199.5 , 1201.4 ,     369 
2014-12-09 10:00:00, 1201.4 , 1203.7 , 1200.5 , 1202.4 ,     272 
2014-12-09 11:00:00, 1202.5 , 1202.6 , 1199.9 , 1201.8 ,     165 
2014-12-09 12:00:00, 1202.0 , 1202.4 , 1200.5 , 1201.6 ,    1139 
2014-12-09 13:00:00, 1201.6 , 1202.0 , 1200.3 , 1201.9 ,    1867 
2014-12-09 14:00:00, 1201.8 , 1206.0 , 1201.2 , 1205.2 ,    2578 
2014-12-09 15:00:00, 1205.2 , 1207.5 , 1203.7 , 1207.0 ,    3644 
2014-12-09 16:00:00, 1207.0 , 1208.2 , 1204.7 , 1205.3 ,    1762 
2014-12-09 17:00:00, 1205.1 , 1206.2 , 1203.8 , 1205.5 ,     862 
2014-12-09 18:00:00, 1205.5 , 1207.7 , 1204.3 , 1205.7 ,     215 
2014-12-09 19:00:00, 1205.8 , 1206.6 , 1204.5 , 1204.7 ,     249 
2014-12-09 20:00:00, 1204.8 , 1214.7 , 1204.7 , 1212.0 ,     343 
2014-12-09 21:00:00, 1212.0 , 1222.2 , 1211.8 , 1217.9 ,      11 
2014-12-09 22:00:00, 1217.9 , 1227.3 , 1217.0 , 1225.5 ,      60 
2014-12-09 23:00:00, 1225.4 , 1239.0 , 1224.5 , 1230.4 ,     909 
2014-12-10 00:00:00, 1230.5 , 1235.0 , 1226.4 , 1230.4 ,     275 
2014-12-10 01:00:00, 1230.4 , 1231.9 , 1227.6 , 1229.5 ,     172 
2014-12-10 02:00:00, 1229.6 , 1234.1 , 1228.4 , 1233.9 ,     194 
2014-12-10 03:00:00, 1233.8 , 1234.2 , 1230.1 , 1230.6 ,     585 
2014-12-10 04:00:00, 1230.5 , 1230.9 , 1228.3 , 1230.2 ,     272 
2014-12-10 05:00:00, 1230.4 , 1231.8 , 1230.1 , 1231.8 ,     108 
2014-12-10 06:00:00, 1231.6 , 1232.4 , 1231.2 , 1231.9 ,     135 
2014-12-10 07:00:00, 1231.2 , 1232.7 , 1229.5 , 1229.9 ,     616 
2014-12-10 08:00:00, 1229.9 , 1230.8 , 1228.3 , 1229.5 ,    2080 
2014-12-10 09:00:00, 1229.4 , 1229.7 , 1227.6 , 1228.3 ,     425 
2014-12-10 10:00:00, 1228.3 , 1230.5 , 1227.8 , 1230.2 ,     416 
2014-12-10 11:00:00, 1230.3 , 1232.1 , 1229.8 , 1230.6 ,     353 
2014-12-10 12:00:00, 1230.7 , 1233.2 , 1229.1 , 1232.5 ,    2181 
2014-12-10 13:00:00, 1232.5 , 1235.5 , 1231.7 , 1234.8 ,     728 
2014-12-10 14:00:00, 1235.0 , 1238.9 , 1234.7 , 1235.9 ,    2593 
2014-12-10 15:00:00, 1235.9 , 1238.0 , 1234.3 , 1235.6 ,     737 
2014-12-10 16:00:00, 1235.6 , 1235.6 , 1229.7 , 1232.3 ,     523 
2014-12-10 17:00:00, 1232.2 , 1232.6 , 1229.3 , 1229.5 ,     243 
2014-12-10 18:00:00, 1229.4 , 1230.7 , 1226.1 , 1227.3 ,     388 
2014-12-10 19:00:00, 1227.4 , 1230.1 , 1227.1 , 1227.7 ,     242 
2014-12-10 20:00:00, 1227.7 , 1231.5 , 1225.3 , 1231.1 ,     346 
2014-12-10 21:00:00, 1231.1 , 1235.4 , 1228.7 , 1229.1 ,      15 
2014-12-10 22:00:00, 1229.1 , 1233.6 , 1225.9 , 1231.7 ,     315 
2014-12-10 23:00:00, 1231.6 , 1233.2 , 1228.5 , 1229.0 ,    1074 
2014-12-11 00:00:00, 1229.0 , 1230.4 , 1226.7 , 1228.6 ,     803 
2014-12-11 01:00:00, 1228.7 , 1230.1 , 1227.8 , 1230.0 ,     454 
2014-12-11 02:00:00, 1230.0 , 1232.6 , 1229.2 , 1232.4 ,     263 
2014-12-11 03:00:00, 1232.3 , 1232.6 , 1227.6 , 1228.9 ,     202 
2014-12-11 04:00:00, 1228.9 , 1230.1 , 1226.7 , 1228.3 ,     225 
2014-12-11 05:00:00, 1228.4 , 1228.7 , 1225.2 , 1227.0 ,     137 
2014-12-11 06:00:00, 1226.9 , 1226.9 , 1225.6 , 1225.6 ,     159 
2014-12-11 07:00:00, 1226.2 , 1230.5 , 1225.9 , 1230.2 ,     605 
2014-12-11 08:00:00, 1230.2 , 1232.0 , 1230.0 , 1230.2 ,     843 
2014-12-11 09:00:00, 1230.2 , 1233.4 , 1227.6 , 1228.3 ,     768 
2014-12-11 10:00:00, 1228.3 , 1230.6 , 1228.2 , 1229.8 ,     820 
2014-12-11 11:00:00, 1229.9 , 1230.6 , 1229.0 , 1230.4 ,     439 
2014-12-11 12:00:00, 1230.3 , 1230.6 , 1228.9 , 1228.9 ,     686 
2014-12-11 13:00:00, 1229.1 , 1229.6 , 1223.2 , 1224.1 ,     428 
2014-12-11 14:00:00, 1223.9 , 1226.0 , 1222.7 , 1224.6 ,    1467 
2014-12-11 15:00:00, 1224.6 , 1225.4 , 1222.4 , 1224.9 ,    1166 
2014-12-11 16:00:00, 1224.9 , 1225.3 , 1221.4 , 1223.7 ,     915 
2014-12-11 17:00:00, 1223.7 , 1223.9 , 1218.2 , 1220.3 ,    1039 
2014-12-11 18:00:00, 1220.2 , 1223.1 , 1218.7 , 1222.2 ,    1114 
2014-12-11 19:00:00, 1222.1 , 1223.7 , 1221.8 , 1223.0 ,     612 
2014-12-11 20:00:00, 1222.8 , 1225.2 , 1221.7 , 1222.4 ,     327 
2014-12-11 21:00:00, 1222.3 , 1225.3 , 1217.2 , 1217.6 ,      25 
2014-12-11 22:00:00, 1217.6 , 1219.8 , 1216.4 , 1218.7 ,     115 
2014-12-11 23:00:00, 1218.7 , 1226.9 , 1216.4 , 1223.2 ,     881 
2014-12-12 00:00:00, 1223.2 , 1229.9 , 1222.6 , 1226.5 ,     416 
2014-12-12 01:00:00, 1226.4 , 1232.6 , 1225.7 , 1226.9 ,     381 
2014-12-12 02:00:00, 1227.1 , 1228.9 , 1225.1 , 1225.1 ,     814 
2014-12-12 03:00:00, 1225.1 , 1230.4 , 1224.9 , 1227.7 ,     767 
2014-12-12 04:00:00, 1227.7 , 1227.8 , 1223.5 , 1225.6 ,     418 
2014-12-12 05:00:00, 1225.5 , 1229.5 , 1225.1 , 1228.1 ,     190 
2014-12-12 06:00:00, 1228.1 , 1228.9 , 1227.2 , 1227.7 ,     943 
2014-12-12 07:00:00, 1227.9 , 1228.9 , 1227.0 , 1227.2 ,    1560 
2014-12-12 08:00:00, 1227.3 , 1227.5 , 1225.6 , 1226.1 ,    1542 
2014-12-12 09:00:00, 1226.2 , 1227.3 , 1224.2 , 1225.1 ,     684 
2014-12-12 10:00:00, 1224.9 , 1226.4 , 1224.8 , 1226.2 ,    1525 
2014-12-12 11:00:00, 1226.1 , 1227.2 , 1225.0 , 1225.7 ,    1806 
2014-12-12 12:00:00, 1225.7 , 1226.6 , 1221.4 , 1221.9 ,    1332 
2014-12-12 13:00:00, 1221.8 , 1222.7 , 1218.0 , 1221.7 ,     473 
2014-12-12 14:00:00, 1221.7 , 1222.9 , 1220.6 , 1220.6 ,    5716 
2014-12-12 15:00:00, 1220.7 , 1222.4 , 1219.8 , 1221.0 ,    5322 
2014-12-12 16:00:00, 1220.9 , 1224.1 , 1220.7 , 1223.1 ,    1231 
2014-12-12 17:00:00, 1223.1 , 1228.0 , 1222.7 , 1226.2 ,    1294 
2014-12-12 18:00:00, 1226.0 , 1226.6 , 1223.7 , 1225.7 ,     750 
2014-12-12 19:00:00, 1225.9 , 1226.6 , 1222.8 , 1223.6 ,     629 
2014-12-12 20:00:00, 1223.6 , 1224.9 , 1221.6 , 1224.9 ,     241 
2014-12-12 21:00:00, 1224.9 , 1227.2 , 1222.7 , 1223.0 ,      21 
2014-12-12 22:00:00, 1223.1 , 1223.6 , 1219.3 , 1220.2 ,     170 
2014-12-12 23:00:00, 1220.1 , 1224.7 , 1214.8 , 1223.7 ,    1569 
2014-12-13 00:00:00, 1223.6 , 1226.7 , 1222.5 , 1224.6 ,     550 
2014-12-13 01:00:00, 1224.5 , 1225.6 , 1223.4 , 1224.3 ,     767 
2014-12-13 02:00:00, 1224.1 , 1224.4 , 1222.0 , 1222.9 ,     473 
2014-12-13 03:00:00, 1222.8 , 1224.6 , 1221.9 , 1222.8 ,    1632 
2014-12-13 04:00:00, 1222.8 , 1223.6 , 1221.6 , 1222.3 ,     614 
2014-12-13 05:00:00, 1222.3 , 1223.4 , 1221.7 , 1223.0 ,     523 
2014-12-13 06:00:00, 1223.0 , 1223.5 , 1222.1 , 1222.1 ,     440 
2014-12-15 07:00:00, 1222.0 , 1225.0 , 1221.5 , 1222.5 ,    2731 
2014-12-15 08:00:00, 1222.6 , 1224.8 , 1222.1 , 1222.7 ,    1238 
2014-12-15 09:00:00, 1222.7 , 1223.0 , 1214.0 , 1217.3 ,     602 
2014-12-15 10:00:00, 1217.3 , 1218.7 , 1216.9 , 1217.8 ,     597 
2014-12-15 11:00:00, 1217.7 , 1218.3 , 1217.1 , 1217.8 ,    1042 
2014-12-15 12:00:00, 1217.8 , 1218.1 , 1216.6 , 1217.6 ,     834 
2014-12-15 13:00:00, 1217.4 , 1218.3 , 1216.7 , 1218.1 ,     359 
2014-12-15 14:00:00, 1218.0 , 1220.8 , 1217.8 , 1220.2 ,    2386 
2014-12-15 15:00:00, 1220.2 , 1221.3 , 1216.9 , 1217.3 ,    2938 
2014-12-15 16:00:00, 1217.5 , 1217.9 , 1210.8 , 1213.8 ,    1370 
2014-12-15 17:00:00, 1213.7 , 1214.9 , 1211.7 , 1212.1 ,     850 
2014-12-15 18:00:00, 1212.1 , 1213.1 , 1210.2 , 1211.2 ,     810 
2014-12-15 19:00:00, 1211.3 , 1212.6 , 1211.0 , 1212.3 ,    1483 
2014-12-15 20:00:00, 1212.2 , 1214.0 , 1208.1 , 1208.7 ,     850 
2014-12-15 21:00:00, 1208.5 , 1213.0 , 1206.5 , 1210.9 ,      35 
2014-12-15 22:00:00, 1211.0 , 1212.2 , 1208.5 , 1211.3 ,     112 
2014-12-15 23:00:00, 1211.4 , 1215.4 , 1209.1 , 1213.8 ,     792 
2014-12-16 00:00:00, 1213.9 , 1217.9 , 1213.7 , 1216.9 ,     853 
2014-12-16 01:00:00, 1216.8 , 1216.8 , 1205.1 , 1208.2 ,     564 
2014-12-16 02:00:00, 1208.1 , 1209.1 , 1204.6 , 1207.7 ,     352 
2014-12-16 03:00:00, 1207.8 , 1208.0 , 1195.3 , 1198.5 ,     224 
2014-12-16 04:00:00, 1198.6 , 1199.1 , 1191.3 , 1191.4 ,     229 
2014-12-16 05:00:00, 1191.4 , 1194.5 , 1191.4 , 1193.6 ,     332 
2014-12-16 06:00:00, 1193.8 , 1194.0 , 1193.5 , 1193.8 ,     506 
2014-12-16 07:00:00, 1195.4 , 1199.4 , 1193.6 , 1199.3 ,    1308 
2014-12-16 08:00:00, 1199.2 , 1199.7 , 1195.0 , 1197.8 ,    1355 
2014-12-16 09:00:00, 1197.7 , 1199.9 , 1195.9 , 1197.9 ,    1196 
2014-12-16 10:00:00, 1198.0 , 1198.4 , 1197.3 , 1197.6 ,     432 
2014-12-16 11:00:00, 1197.7 , 1197.7 , 1194.0 , 1197.1 ,     561 
2014-12-16 12:00:00, 1197.2 , 1198.8 , 1196.1 , 1198.7 ,     754 
2014-12-16 13:00:00, 1198.8 , 1199.8 , 1197.7 , 1198.0 ,     402 
2014-12-16 14:00:00, 1198.0 , 1199.1 , 1196.4 , 1198.3 ,    2488 
2014-12-16 15:00:00, 1198.4 , 1199.6 , 1197.1 , 1197.5 ,    2259 
2014-12-16 16:00:00, 1197.5 , 1198.3 , 1195.1 , 1197.8 ,    1742 
2014-12-16 17:00:00, 1197.8 , 1203.5 , 1197.0 , 1201.9 ,     571 
2014-12-16 18:00:00, 1201.9 , 1204.1 , 1198.2 , 1199.1 ,    1231 
2014-12-16 19:00:00, 1199.2 , 1213.3 , 1199.0 , 1212.8 ,    1295 
2014-12-16 20:00:00, 1212.8 , 1223.9 , 1211.7 , 1217.0 ,     980 
2014-12-16 21:00:00, 1216.9 , 1219.8 , 1207.3 , 1212.0 ,      72 
2014-12-16 22:00:00, 1212.0 , 1213.2 , 1200.2 , 1203.4 ,     587 
2014-12-16 23:00:00, 1203.3 , 1206.3 , 1187.8 , 1191.9 ,    1085 
2014-12-17 00:00:00, 1191.8 , 1200.3 , 1190.9 , 1196.5 ,     706 
2014-12-17 01:00:00, 1196.6 , 1199.6 , 1193.9 , 1198.1 ,     340 
2014-12-17 02:00:00, 1198.1 , 1198.1 , 1193.6 , 1194.6 ,     292 
2014-12-17 03:00:00, 1194.4 , 1195.7 , 1193.2 , 1194.2 ,     623 
2014-12-17 04:00:00, 1194.3 , 1197.4 , 1193.8 , 1196.8 ,     482 
2014-12-17 05:00:00, 1196.7 , 1197.8 , 1195.9 , 1197.1 ,     278 
2014-12-17 06:00:00, 1197.3 , 1197.4 , 1195.3 , 1195.3 ,     449 
2014-12-17 07:00:00, 1195.3 , 1198.4 , 1195.3 , 1198.1 ,    1711 
2014-12-17 08:00:00, 1198.0 , 1199.2 , 1197.1 , 1198.3 ,    2217 
2014-12-17 09:00:00, 1198.4 , 1199.8 , 1196.6 , 1197.7 ,     752 
2014-12-17 10:00:00, 1197.6 , 1198.6 , 1197.1 , 1197.9 ,     537 
2014-12-17 11:00:00, 1197.9 , 1199.4 , 1197.4 , 1197.7 ,     487 
2014-12-17 12:00:00, 1197.6 , 1198.9 , 1196.6 , 1197.5 ,    1142 
2014-12-17 13:00:00, 1197.3 , 1199.1 , 1196.2 , 1199.0 ,     346 
2014-12-17 14:00:00, 1198.9 , 1199.7 , 1196.9 , 1199.1 ,    2927 
2014-12-17 15:00:00, 1199.0 , 1202.0 , 1198.2 , 1200.5 ,    2764 
2014-12-17 16:00:00, 1200.3 , 1200.5 , 1195.7 , 1196.8 ,    1512 
2014-12-17 17:00:00, 1196.7 , 1198.4 , 1194.6 , 1195.8 ,    1222 
2014-12-17 18:00:00, 1195.9 , 1199.3 , 1195.5 , 1197.6 ,     576 
2014-12-17 19:00:00, 1197.7 , 1201.5 , 1196.6 , 1200.8 ,    1710 
2014-12-17 20:00:00, 1200.9 , 1203.1 , 1198.6 , 1198.8 ,    1098 
2014-12-17 21:00:00, 1199.0 , 1202.5 , 1196.1 , 1198.2 ,      90 
2014-12-17 22:00:00, 1198.2 , 1199.7 , 1196.5 , 1197.7 ,     807 
2014-12-17 23:00:00, 1197.5 , 1199.4 , 1190.8 , 1196.7 ,    3004 
2014-12-18 00:00:00, 1196.7 , 1198.0 , 1193.0 , 1195.5 ,    1635 
2014-12-18 01:00:00, 1195.5 , 1195.9 , 1193.2 , 1194.8 ,     867 
2014-12-18 02:00:00, 1194.8 , 1197.0 , 1192.6 , 1194.5 ,     850 
2014-12-18 03:00:00, 1195.0 , 1202.1 , 1185.8 , 1187.8 ,     596 
2014-12-18 04:00:00, 1187.8 , 1190.6 , 1182.0 , 1189.3 ,     315 
2014-12-18 05:00:00, 1189.3 , 1190.0 , 1186.2 , 1189.6 ,     348 
2014-12-18 06:00:00, 1189.5 , 1190.0 , 1188.8 , 1189.2 ,     792 
2014-12-18 07:00:00, 1189.4 , 1191.7 , 1188.5 , 1190.3 ,    1519 
2014-12-18 08:00:00, 1190.3 , 1192.5 , 1189.3 , 1191.8 ,    1148 
2014-12-18 09:00:00, 1191.8 , 1194.5 , 1191.7 , 1193.8 ,     609 
2014-12-18 10:00:00, 1193.7 , 1198.3 , 1192.8 , 1197.3 ,     674 
2014-12-18 11:00:00, 1197.2 , 1199.9 , 1197.1 , 1197.1 ,     796 
2014-12-18 12:00:00, 1197.1 , 1198.4 , 1197.1 , 1197.7 ,     793 
2014-12-18 13:00:00, 1197.6 , 1200.5 , 1197.0 , 1198.8 ,     323 
2014-12-18 14:00:00, 1198.9 , 1202.0 , 1198.7 , 1198.9 ,    2677 
2014-12-18 15:00:00, 1198.9 , 1200.9 , 1197.0 , 1199.9 ,    6269 
2014-12-18 16:00:00, 1199.9 , 1200.9 , 1197.9 , 1199.5 ,    6063 
2014-12-18 17:00:00, 1199.4 , 1200.8 , 1197.9 , 1198.0 ,    1520 
2014-12-18 18:00:00, 1197.9 , 1213.9 , 1197.8 , 1208.8 ,     623 
2014-12-18 19:00:00, 1208.6 , 1210.9 , 1205.6 , 1206.7 ,     677 
2014-12-18 20:00:00, 1206.7 , 1207.1 , 1203.5 , 1203.8 ,     771 
2014-12-18 21:00:00, 1203.8 , 1207.4 , 1201.0 , 1203.1 ,      22 
2014-12-18 22:00:00, 1203.1 , 1205.5 , 1201.8 , 1202.7 ,     218 
2014-12-18 23:00:00, 1202.6 , 1203.5 , 1192.7 , 1195.2 ,    1288 
2014-12-19 00:00:00, 1195.1 , 1197.7 , 1192.8 , 1194.4 ,     668 
2014-12-19 01:00:00, 1194.5 , 1195.6 , 1193.1 , 1195.1 ,     563 
2014-12-19 02:00:00, 1195.0 , 1196.9 , 1194.2 , 1196.7 ,     620 
2014-12-19 03:00:00, 1196.6 , 1197.2 , 1194.6 , 1196.2 ,     490 
2014-12-19 04:00:00, 1196.1 , 1199.5 , 1196.0 , 1198.3 ,     474 
2014-12-19 05:00:00, 1198.4 , 1199.0 , 1197.7 , 1198.7 ,      89 
2014-12-19 06:00:00, 1198.7 , 1198.9 , 1198.1 , 1198.2 ,     399 
2014-12-19 07:00:00, 1198.0 , 1198.9 , 1196.8 , 1196.8 ,    2977 
2014-12-19 08:00:00, 1196.7 , 1197.7 , 1195.8 , 1196.6 ,    1916 
2014-12-19 09:00:00, 1196.6 , 1200.1 , 1195.7 , 1199.2 ,    1445 
2014-12-19 10:00:00, 1199.3 , 1199.8 , 1197.3 , 1197.9 ,    2291 
2014-12-19 11:00:00, 1197.9 , 1198.0 , 1196.5 , 1196.7 ,    4952 
2014-12-19 12:00:00, 1196.7 , 1197.4 , 1196.3 , 1197.0 ,    2400 
2014-12-19 13:00:00, 1196.9 , 1199.4 , 1196.4 , 1199.0 ,     702 
2014-12-19 14:00:00, 1198.8 , 1201.4 , 1198.4 , 1200.0 ,    3409 
2014-12-19 15:00:00, 1200.0 , 1201.5 , 1197.8 , 1199.0 ,    3721 
2014-12-19 16:00:00, 1199.0 , 1200.5 , 1193.2 , 1197.6 ,    2195 
2014-12-19 17:00:00, 1197.7 , 1199.0 , 1195.8 , 1199.0 ,    1115 
2014-12-19 18:00:00, 1198.9 , 1200.1 , 1197.1 , 1197.6 ,     536 
2014-12-19 19:00:00, 1197.6 , 1198.4 , 1195.9 , 1196.4 ,     595 
2014-12-19 20:00:00, 1196.6 , 1197.8 , 1194.6 , 1197.3 ,     777 
2014-12-19 21:00:00, 1197.2 , 1200.6 , 1196.4 , 1198.3 ,      98 
2014-12-19 22:00:00, 1198.4 , 1198.9 , 1195.6 , 1196.3 ,     259 
2014-12-19 23:00:00, 1196.2 , 1199.3 , 1195.2 , 1198.4 ,    1362 
2014-12-20 00:00:00, 1198.5 , 1199.0 , 1196.7 , 1197.2 ,     721 
2014-12-20 01:00:00, 1197.2 , 1197.6 , 1195.9 , 1196.7 ,     412 
2014-12-20 02:00:00, 1196.7 , 1197.4 , 1195.4 , 1196.0 ,     391 
2014-12-20 03:00:00, 1196.0 , 1197.4 , 1195.4 , 1195.8 ,     413 
2014-12-20 04:00:00, 1195.8 , 1196.6 , 1195.1 , 1195.2 ,     355 
2014-12-20 05:00:00, 1195.3 , 1196.2 , 1193.8 , 1195.6 ,     157 
2014-12-20 06:00:00, 1195.6 , 1195.6 , 1194.1 , 1194.5 ,     640 
2014-12-22 07:00:00, 1196.0 , 1196.1 , 1193.8 , 1195.7 ,    1578 
2014-12-22 08:00:00, 1195.7 , 1196.0 , 1194.8 , 1196.0 ,     809 
2014-12-22 09:00:00, 1196.0 , 1197.9 , 1195.8 , 1197.3 ,     645 
2014-12-22 10:00:00, 1197.4 , 1198.7 , 1196.6 , 1198.1 ,     568 
2014-12-22 11:00:00, 1198.1 , 1199.3 , 1197.8 , 1198.4 ,     595 
2014-12-22 12:00:00, 1198.1 , 1198.3 , 1196.9 , 1198.0 ,     477 
2014-12-22 13:00:00, 1198.0 , 1198.7 , 1197.5 , 1198.3 ,     570 
2014-12-22 14:00:00, 1198.2 , 1199.7 , 1197.7 , 1198.9 ,    2091 
2014-12-22 15:00:00, 1199.0 , 1203.6 , 1199.0 , 1199.7 ,    2263 
2014-12-22 16:00:00, 1199.8 , 1200.6 , 1196.2 , 1197.5 ,    2041 
2014-12-22 17:00:00, 1197.6 , 1197.9 , 1196.1 , 1197.0 ,     482 
2014-12-22 18:00:00, 1196.9 , 1197.8 , 1195.5 , 1196.9 ,    2142 
2014-12-22 19:00:00, 1197.0 , 1198.0 , 1195.6 , 1196.8 ,    2096 
2014-12-22 20:00:00, 1196.8 , 1197.7 , 1194.6 , 1195.9 ,     827 
2014-12-22 21:00:00, 1195.7 , 1198.3 , 1194.8 , 1196.5 ,      50 
2014-12-22 22:00:00, 1196.4 , 1196.9 , 1194.1 , 1195.0 ,     209 
2014-12-22 23:00:00, 1194.8 , 1196.8 , 1186.6 , 1189.3 ,     866 
2014-12-23 00:00:00, 1189.4 , 1189.5 , 1179.2 , 1181.5 ,     669 
2014-12-23 01:00:00, 1181.4 , 1182.4 , 1176.9 , 1180.8 ,     326 
2014-12-23 02:00:00, 1180.8 , 1181.2 , 1172.6 , 1175.5 ,     379 
2014-12-23 03:00:00, 1175.5 , 1176.8 , 1172.7 , 1175.1 ,     254 
2014-12-23 04:00:00, 1175.2 , 1176.2 , 1170.7 , 1172.4 ,     290 
2014-12-23 05:00:00, 1172.4 , 1176.5 , 1171.7 , 1176.1 ,     208 
2014-12-23 06:00:00, 1176.4 , 1177.1 , 1175.8 , 1177.0 ,    1605 
2014-12-23 07:00:00, 1176.1 , 1177.9 , 1173.0 , 1173.9 ,    2015 
2014-12-23 08:00:00, 1174.0 , 1176.5 , 1173.3 , 1176.5 ,    1322 
2014-12-23 09:00:00, 1176.4 , 1179.7 , 1176.3 , 1178.8 ,     857 
2014-12-23 10:00:00, 1178.6 , 1179.0 , 1177.2 , 1178.1 ,     538 
2014-12-23 11:00:00, 1178.0 , 1179.3 , 1176.6 , 1177.2 ,     578 
2014-12-23 12:00:00, 1177.2 , 1182.9 , 1177.0 , 1180.0 ,    1196 
2014-12-23 13:00:00, 1180.1 , 1180.3 , 1178.5 , 1178.5 ,     370 
2014-12-23 14:00:00, 1178.7 , 1181.9 , 1177.7 , 1179.6 ,    1262 
2014-12-23 15:00:00, 1179.4 , 1184.9 , 1179.2 , 1181.7 ,    2117 
2014-12-23 16:00:00, 1181.8 , 1183.1 , 1180.9 , 1181.3 ,     933 
2014-12-23 17:00:00, 1181.5 , 1182.5 , 1180.1 , 1180.2 ,     522 
2014-12-23 18:00:00, 1180.3 , 1180.8 , 1177.8 , 1179.5 ,     443 
2014-12-23 19:00:00, 1179.7 , 1180.4 , 1176.6 , 1176.9 ,     466 
2014-12-23 20:00:00, 1176.9 , 1179.4 , 1176.5 , 1178.5 ,     680 
2014-12-23 21:00:00, 1178.7 , 1181.3 , 1175.5 , 1178.3 ,      73 
2014-12-23 22:00:00, 1178.3 , 1178.5 , 1174.8 , 1176.4 ,     164 
2014-12-23 23:00:00, 1176.5 , 1179.7 , 1174.8 , 1179.1 ,     695 
2014-12-24 00:00:00, 1179.2 , 1179.4 , 1176.9 , 1177.9 ,     827 
2014-12-24 01:00:00, 1177.9 , 1178.8 , 1177.3 , 1178.0 ,     234 
2014-12-24 02:00:00, 1178.1 , 1178.3 , 1175.1 , 1175.5 ,     723 
2014-12-24 03:00:00, 1175.5 , 1176.5 , 1174.5 , 1174.8 ,     632 
2014-12-24 04:00:00, 1174.8 , 1175.3 , 1172.4 , 1174.0 ,     385 
2014-12-24 05:00:00, 1174.2 , 1176.5 , 1174.2 , 1176.2 ,     258 
2014-12-24 06:00:00, 1176.5 , 1177.4 , 1176.0 , 1177.2 ,     422 
2014-12-24 07:00:00, 1176.8 , 1178.3 , 1176.0 , 1178.3 ,     986 
2014-12-24 08:00:00, 1178.3 , 1178.3 , 1176.1 , 1177.5 ,     934 
2014-12-24 09:00:00, 1177.5 , 1178.3 , 1176.3 , 1177.3 ,    1204 
2014-12-24 10:00:00, 1177.3 , 1178.1 , 1176.7 , 1177.9 ,     961 
2014-12-24 11:00:00, 1178.0 , 1178.7 , 1177.5 , 1177.8 ,     926 
2014-12-24 12:00:00, 1177.7 , 1179.0 , 1177.3 , 1178.7 ,     924 
2014-12-24 13:00:00, 1178.7 , 1180.0 , 1177.6 , 1179.2 ,     489 
2014-12-24 14:00:00, 1179.3 , 1180.0 , 1178.6 , 1179.1 ,    1638 
2014-12-24 15:00:00, 1179.1 , 1179.8 , 1178.8 , 1179.3 ,    1270 
2014-12-24 16:00:00, 1179.3 , 1180.6 , 1178.7 , 1180.0 ,     973 
2014-12-24 17:00:00, 1180.0 , 1181.2 , 1178.0 , 1179.3 ,     630 
2014-12-24 18:00:00, 1179.4 , 1180.1 , 1176.1 , 1176.8 ,     279 
2014-12-24 19:00:00, 1176.7 , 1177.3 , 1176.1 , 1176.5 ,     675 
2014-12-24 20:00:00, 1176.5 , 1177.9 , 1176.4 , 1177.9 ,     291 
2014-12-24 21:00:00, 1178.0 , 1179.1 , 1174.2 , 1175.3 ,      29 
2014-12-24 22:00:00, 1175.2 , 1175.5 , 1172.7 , 1174.1 ,      49 
2014-12-24 23:00:00, 1174.2 , 1175.0 , 1173.3 , 1174.5 ,     412 
2014-12-25 00:00:00, 1174.6 , 1175.2 , 1173.7 , 1174.3 ,     445 
2014-12-25 01:00:00, 1174.3 , 1174.7 , 1173.3 , 1173.7 ,     278 
2014-12-25 02:00:00, 1173.8 , 1175.2 , 1173.6 , 1175.2 ,     254 
2014-12-26 07:00:00, 1175.2 , 1178.9 , 1175.2 , 1176.9 ,     132 
2014-12-26 08:00:00, 1177.0 , 1178.0 , 1176.5 , 1177.5 ,     233 
2014-12-26 09:00:00, 1177.5 , 1184.9 , 1177.2 , 1183.6 ,     153 
2014-12-26 10:00:00, 1183.6 , 1185.9 , 1183.0 , 1184.8 ,     157 
2014-12-26 11:00:00, 1185.0 , 1185.8 , 1183.7 , 1185.0 ,    1041 
2014-12-26 12:00:00, 1185.2 , 1185.9 , 1183.3 , 1184.5 ,     484 
2014-12-26 13:00:00, 1184.5 , 1184.9 , 1183.4 , 1184.7 ,     219 
2014-12-26 14:00:00, 1184.7 , 1188.9 , 1184.6 , 1186.3 ,     178 
2014-12-26 15:00:00, 1186.3 , 1187.6 , 1185.6 , 1186.2 ,     295 
2014-12-26 16:00:00, 1186.3 , 1187.7 , 1185.6 , 1185.7 ,     431 
2014-12-26 17:00:00, 1185.8 , 1187.3 , 1185.3 , 1187.2 ,     257 
2014-12-26 18:00:00, 1187.3 , 1198.9 , 1186.4 , 1197.5 ,     713 
2014-12-26 19:00:00, 1197.5 , 1199.1 , 1195.5 , 1198.8 ,     520 
2014-12-26 20:00:00, 1198.8 , 1199.1 , 1195.8 , 1196.8 ,     427 
2014-12-26 21:00:00, 1196.8 , 1197.3 , 1192.5 , 1195.2 ,     158 
2014-12-26 22:00:00, 1195.3 , 1198.0 , 1192.2 , 1193.9 ,     247 
2014-12-26 23:00:00, 1194.0 , 1195.3 , 1192.3 , 1193.9 ,     204 
2014-12-27 00:00:00, 1194.0 , 1195.7 , 1192.5 , 1194.7 ,     364 
2014-12-27 01:00:00, 1194.8 , 1197.0 , 1194.7 , 1195.2 ,      10 
2014-12-27 02:00:00, 1195.3 , 1196.9 , 1194.9 , 1195.6 ,      85 
2014-12-27 03:00:00, 1195.5 , 1195.5 , 1193.5 , 1193.9 ,      34 
2014-12-27 04:00:00, 1193.9 , 1196.0 , 1193.2 , 1195.3 ,     144 
2014-12-27 05:00:00, 1195.3 , 1196.1 , 1194.5 , 1195.9 ,     381 
2014-12-27 06:00:00, 1195.8 , 1196.1 , 1195.6 , 1196.1 ,     102 
2014-12-29 07:00:00, 1194.9 , 1196.4 , 1193.8 , 1193.9 ,     122 
2014-12-29 08:00:00, 1193.9 , 1194.4 , 1192.4 , 1193.0 ,      10 
2014-12-29 09:00:00, 1193.1 , 1196.8 , 1192.4 , 1195.8 ,      18 
2014-12-29 10:00:00, 1195.7 , 1197.5 , 1195.1 , 1196.3 ,      30 
2014-12-29 11:00:00, 1196.4 , 1196.7 , 1194.3 , 1194.5 ,     152 
2014-12-29 12:00:00, 1194.5 , 1195.7 , 1194.3 , 1195.2 ,      62 
2014-12-29 13:00:00, 1195.1 , 1196.3 , 1194.5 , 1195.3 ,      21 
2014-12-29 14:00:00, 1195.3 , 1196.3 , 1194.6 , 1196.0 ,      92 
2014-12-29 15:00:00, 1196.0 , 1196.5 , 1195.3 , 1195.9 ,      67 
2014-12-29 16:00:00, 1195.8 , 1196.2 , 1193.7 , 1194.0 ,     653 
2014-12-29 17:00:00, 1194.0 , 1194.5 , 1192.7 , 1193.1 ,     278 
2014-12-29 18:00:00, 1193.1 , 1194.2 , 1192.1 , 1192.8 ,     391 
2014-12-29 19:00:00, 1192.7 , 1194.2 , 1192.3 , 1192.9 ,     345 
2014-12-29 20:00:00, 1193.0 , 1193.0 , 1190.5 , 1192.3 ,     419 
2014-12-29 21:00:00, 1192.2 , 1195.7 , 1192.2 , 1194.0 ,     254 
2014-12-29 22:00:00, 1193.9 , 1194.0 , 1186.7 , 1187.5 ,     233 
2014-12-29 23:00:00, 1187.6 , 1187.6 , 1180.5 , 1181.4 ,     175 
2014-12-30 00:00:00, 1181.4 , 1183.1 , 1178.6 , 1182.2 ,     236 
2014-12-30 01:00:00, 1182.1 , 1183.9 , 1179.8 , 1182.5 ,      40 
2014-12-30 02:00:00, 1182.5 , 1182.9 , 1180.8 , 1182.1 ,     290 
2014-12-30 03:00:00, 1182.2 , 1182.2 , 1180.6 , 1180.9 ,     546 
2014-12-30 04:00:00, 1180.8 , 1184.8 , 1180.5 , 1183.7 ,      96 
2014-12-30 05:00:00, 1183.7 , 1184.8 , 1182.8 , 1183.0 ,     196 
2014-12-30 06:00:00, 1183.0 , 1183.3 , 1182.5 , 1182.9 ,      97 
2014-12-30 07:00:00, 1182.9 , 1183.6 , 1180.8 , 1181.7 ,     137 
2014-12-30 08:00:00, 1181.7 , 1185.1 , 1180.5 , 1185.0 ,      63 
2014-12-30 09:00:00, 1185.0 , 1187.3 , 1183.8 , 1186.5 ,     137 
2014-12-30 10:00:00, 1186.4 , 1187.8 , 1185.4 , 1186.8 ,      77 
2014-12-30 11:00:00, 1187.0 , 1187.7 , 1186.0 , 1186.4 ,      53 
2014-12-30 12:00:00, 1186.4 , 1189.6 , 1185.8 , 1187.3 ,      26 
2014-12-30 13:00:00, 1187.3 , 1188.9 , 1187.3 , 1188.5 ,      13 
2014-12-30 14:00:00, 1188.4 , 1189.0 , 1186.8 , 1187.1 ,      20 
2014-12-30 15:00:00, 1187.2 , 1188.6 , 1186.9 , 1187.6 ,      23 
2014-12-30 16:00:00, 1187.7 , 1190.7 , 1187.5 , 1188.8 ,      83 
2014-12-30 17:00:00, 1188.9 , 1189.3 , 1187.5 , 1187.5 ,      71 
2014-12-30 18:00:00, 1187.7 , 1188.3 , 1186.0 , 1187.2 ,     214 
2014-12-30 19:00:00, 1187.2 , 1188.1 , 1186.4 , 1187.2 ,     140 
2014-12-30 20:00:00, 1187.3 , 1187.4 , 1182.3 , 1183.5 ,     175 
2014-12-30 21:00:00, 1183.4 , 1202.8 , 1182.8 , 1198.1 ,      95 
2014-12-30 22:00:00, 1198.1 , 1210.9 , 1195.5 , 1205.5 ,     132 
2014-12-30 23:00:00, 1205.6 , 1206.9 , 1203.1 , 1205.8 ,     238 
2014-12-31 00:00:00, 1205.9 , 1208.8 , 1201.1 , 1203.8 ,     102 
2014-12-31 01:00:00, 1204.0 , 1206.2 , 1203.2 , 1203.5 ,     138 
2014-12-31 02:00:00, 1203.5 , 1204.1 , 1199.7 , 1200.5 ,     132 
2014-12-31 03:00:00, 1200.5 , 1201.5 , 1199.8 , 1199.9 ,     260 
2014-12-31 04:00:00, 1199.8 , 1199.9 , 1197.4 , 1199.5 ,     106 
2014-12-31 05:00:00, 1199.4 , 1200.5 , 1198.2 , 1200.3 ,     107 
2014-12-31 06:00:00, 1200.3 , 1200.6 , 1200.0 , 1200.3 ,     114 
2014-12-31 07:00:00, 1199.8 , 1200.2 , 1199.3 , 1199.4 ,      56 
2014-12-31 08:00:00, 1199.4 , 1202.7 , 1199.4 , 1201.9 ,      46 
2014-12-31 09:00:00, 1201.9 , 1203.9 , 1201.3 , 1203.3 ,      15 
2014-12-31 10:00:00, 1203.3 , 1203.6 , 1202.1 , 1202.6 ,      44 
2014-12-31 11:00:00, 1202.5 , 1202.6 , 1201.3 , 1201.7 ,      66 
2014-12-31 12:00:00, 1201.7 , 1202.2 , 1201.2 , 1201.5 ,      72 
2014-12-31 13:00:00, 1201.5 , 1201.5 , 1200.1 , 1200.8 ,      10 
2014-12-31 14:00:00, 1200.7 , 1201.0 , 1199.7 , 1200.3 ,     387 
2014-12-31 15:00:00, 1200.3 , 1200.6 , 1198.7 , 1198.7 ,     233 
2014-12-31 16:00:00, 1198.8 , 1199.4 , 1197.6 , 1198.6 ,     170 
2014-12-31 17:00:00, 1198.5 , 1198.5 , 1196.4 , 1197.8 ,     409 
2014-12-31 18:00:00, 1197.7 , 1200.0 , 1197.1 , 1198.7 ,     357 
2014-12-31 19:00:00, 1198.8 , 1199.0 , 1195.8 , 1196.0 ,     331 
2014-12-31 20:00:00, 1196.1 , 1199.9 , 1195.9 , 1196.8 ,     261 
2014-12-31 21:00:00, 1196.8 , 1198.9 , 1194.4 , 1196.3 ,       1 
2014-12-31 22:00:00, 1196.2 , 1197.3 , 1193.8 , 1194.6 ,     101 
2014-12-31 23:00:00, 1194.7 , 1196.3 , 1182.6 , 1184.1 ,     579 
2015-01-01 00:00:00, 1184.2 , 1188.5 , 1183.3 , 1188.4 ,     152 
2015-01-01 01:00:00, 1188.3 , 1190.2 , 1187.4 , 1187.7 ,     429 
2015-01-01 02:00:00, 1187.6 , 1187.7 , 1181.6 , 1182.4 ,     305 
2015-01-01 03:00:00, 1182.5 , 1184.6 , 1179.5 , 1183.7 ,    2110 
2015-01-01 04:00:00, 1183.6 , 1184.5 , 1182.6 , 1182.8 ,     744 
2015-01-01 05:00:00, 1182.7 , 1184.1 , 1181.8 , 1184.0 ,     166 
2015-01-01 06:00:00, 1184.0 , 1184.2 , 1182.8 , 1183.2 ,     139 
2015-01-02 07:00:00, 1184.0 , 1187.5 , 1183.5 , 1186.8 ,    1087 
2015-01-02 08:00:00, 1186.7 , 1188.2 , 1186.0 , 1187.4 ,     814 
2015-01-02 09:00:00, 1187.3 , 1187.4 , 1184.2 , 1184.9 ,     662 
2015-01-02 10:00:00, 1185.0 , 1185.4 , 1184.2 , 1185.0 ,     488 
2015-01-02 11:00:00, 1185.0 , 1186.1 , 1184.4 , 1186.1 ,     253 
2015-01-02 12:00:00, 1186.1 , 1187.3 , 1184.6 , 1184.6 ,     226 
2015-01-02 13:00:00, 1184.6 , 1185.9 , 1184.3 , 1185.9 ,     103 
2015-01-02 14:00:00, 1185.8 , 1187.3 , 1185.8 , 1186.8 ,     406 
2015-01-02 15:00:00, 1186.9 , 1187.1 , 1184.5 , 1185.8 ,     530 
2015-01-02 16:00:00, 1185.9 , 1187.9 , 1185.9 , 1186.4 ,     339 
2015-01-02 17:00:00, 1186.6 , 1187.0 , 1184.6 , 1186.1 ,      92 
2015-01-02 18:00:00, 1186.2 , 1186.7 , 1181.1 , 1182.5 ,     201 
2015-01-02 19:00:00, 1182.5 , 1183.7 , 1180.5 , 1182.5 ,      56 
2015-01-02 20:00:00, 1182.6 , 1183.5 , 1173.0 , 1176.8 ,     168 
2015-01-02 21:00:00, 1176.7 , 1178.1 , 1167.3 , 1173.9 ,       9 
2015-01-02 22:00:00, 1174.0 , 1174.2 , 1168.9 , 1171.5 ,      62 
2015-01-02 23:00:00, 1171.5 , 1194.3 , 1171.2 , 1187.9 ,     753 
2015-01-03 00:00:00, 1187.9 , 1194.9 , 1187.4 , 1192.2 ,     362 
2015-01-03 01:00:00, 1192.2 , 1192.7 , 1185.7 , 1187.4 ,     193 
2015-01-03 02:00:00, 1187.4 , 1188.8 , 1182.1 , 1182.6 ,     195 
2015-01-03 03:00:00, 1182.5 , 1186.4 , 1182.3 , 1185.1 ,     482 
2015-01-03 04:00:00, 1185.1 , 1187.5 , 1184.2 , 1187.2 ,     481 
2015-01-03 05:00:00, 1187.4 , 1189.4 , 1187.0 , 1188.6 ,     484 
2015-01-03 06:00:00, 1188.4 , 1190.0 , 1188.2 , 1189.8 ,     905 
2015-01-05 07:00:00, 1187.8 , 1188.8 , 1177.8 , 1183.8 ,    1024 
2015-01-05 08:00:00, 1183.9 , 1190.0 , 1182.7 , 1189.6 ,    1061 
2015-01-05 09:00:00, 1189.7 , 1192.9 , 1189.5 , 1191.4 ,     336 
2015-01-05 10:00:00, 1191.3 , 1194.2 , 1189.9 , 1193.0 ,     371 
2015-01-05 11:00:00, 1193.1 , 1193.8 , 1192.5 , 1192.8 ,     375 
2015-01-05 12:00:00, 1192.7 , 1192.7 , 1190.9 , 1191.6 ,     815 
2015-01-05 13:00:00, 1191.5 , 1198.0 , 1191.3 , 1196.4 ,     553 
2015-01-05 14:00:00, 1196.5 , 1196.9 , 1194.6 , 1196.4 ,    1042 
2015-01-05 15:00:00, 1196.3 , 1197.8 , 1195.3 , 1195.7 ,     530 
2015-01-05 16:00:00, 1195.7 , 1197.3 , 1193.1 , 1193.5 ,     641 
2015-01-05 17:00:00, 1193.6 , 1195.9 , 1192.9 , 1194.4 ,     413 
2015-01-05 18:00:00, 1194.4 , 1195.0 , 1188.0 , 1189.5 ,     191 
2015-01-05 19:00:00, 1189.5 , 1191.1 , 1186.7 , 1188.9 ,     620 
2015-01-05 20:00:00, 1188.9 , 1190.5 , 1186.6 , 1188.9 ,    2619 
2015-01-05 21:00:00, 1189.0 , 1199.6 , 1186.5 , 1194.2 ,      13 
2015-01-05 22:00:00, 1194.2 , 1200.5 , 1193.2 , 1198.8 ,      71 
2015-01-05 23:00:00, 1198.8 , 1202.9 , 1197.2 , 1198.7 ,     280 
2015-01-06 00:00:00, 1198.6 , 1198.9 , 1194.3 , 1196.4 ,     333 
2015-01-06 01:00:00, 1196.3 , 1201.4 , 1195.8 , 1200.8 ,     364 
2015-01-06 02:00:00, 1200.9 , 1204.4 , 1199.7 , 1202.5 ,     108 
2015-01-06 03:00:00, 1202.5 , 1204.4 , 1201.9 , 1203.9 ,      87 
2015-01-06 04:00:00, 1203.8 , 1207.5 , 1203.3 , 1205.7 ,      63 
2015-01-06 05:00:00, 1205.8 , 1206.5 , 1203.4 , 1204.8 ,     140 
2015-01-06 06:00:00, 1204.8 , 1205.3 , 1204.0 , 1205.1 ,      28 
2015-01-06 07:00:00, 1204.0 , 1204.9 , 1202.0 , 1203.2 ,      26 
2015-01-06 08:00:00, 1203.2 , 1203.7 , 1201.6 , 1203.1 ,      44 
2015-01-06 09:00:00, 1203.3 , 1204.7 , 1202.4 , 1204.1 ,      41 
2015-01-06 10:00:00, 1204.2 , 1205.4 , 1204.1 , 1204.9 ,      62 
2015-01-06 11:00:00, 1204.9 , 1205.9 , 1204.5 , 1205.6 ,     111 
2015-01-06 12:00:00, 1205.7 , 1208.2 , 1205.5 , 1206.6 ,      93 
2015-01-06 13:00:00, 1206.7 , 1207.4 , 1205.2 , 1206.0 ,      28 
2015-01-06 14:00:00, 1206.1 , 1210.6 , 1206.0 , 1208.4 ,     197 
2015-01-06 15:00:00, 1208.4 , 1211.9 , 1208.4 , 1208.7 ,     331 
2015-01-06 16:00:00, 1208.8 , 1212.8 , 1206.7 , 1211.8 ,     742 
2015-01-06 17:00:00, 1211.8 , 1214.4 , 1210.5 , 1213.4 ,     273 
2015-01-06 18:00:00, 1213.4 , 1213.5 , 1210.4 , 1211.0 ,     252 
2015-01-06 19:00:00, 1211.0 , 1212.0 , 1208.9 , 1210.1 ,     288 
2015-01-06 20:00:00, 1210.1 , 1211.3 , 1208.1 , 1210.2 ,    3364 
2015-01-06 21:00:00, 1210.3 , 1214.2 , 1208.7 , 1210.7 ,       7 
2015-01-06 22:00:00, 1210.7 , 1211.7 , 1208.2 , 1210.0 ,     345 
2015-01-06 23:00:00, 1210.0 , 1213.4 , 1205.4 , 1208.9 ,     188 
2015-01-07 00:00:00, 1209.0 , 1223.3 , 1207.2 , 1219.8 ,     199 
2015-01-07 01:00:00, 1219.7 , 1221.5 , 1215.8 , 1217.2 ,     128 
2015-01-07 02:00:00, 1217.3 , 1221.0 , 1216.8 , 1217.0 ,     232 
2015-01-07 03:00:00, 1217.1 , 1218.1 , 1214.5 , 1217.5 ,     167 
2015-01-07 04:00:00, 1217.5 , 1219.5 , 1217.4 , 1219.1 ,     104 
2015-01-07 05:00:00, 1219.1 , 1220.0 , 1217.9 , 1218.6 ,      39 
2015-01-07 06:00:00, 1218.6 , 1219.3 , 1218.4 , 1219.3 ,     219 
2015-01-07 07:00:00, 1219.0 , 1219.4 , 1216.1 , 1216.3 ,     217 
2015-01-07 08:00:00, 1216.2 , 1218.8 , 1215.2 , 1218.2 ,     369 
2015-01-07 09:00:00, 1218.1 , 1218.3 , 1216.0 , 1217.2 ,     698 
2015-01-07 10:00:00, 1217.3 , 1217.8 , 1216.5 , 1216.9 ,     138 
2015-01-07 11:00:00, 1216.8 , 1217.4 , 1214.2 , 1214.3 ,     286 
2015-01-07 12:00:00, 1214.4 , 1215.5 , 1214.2 , 1215.3 ,     141 
2015-01-07 13:00:00, 1215.2 , 1215.2 , 1212.1 , 1213.7 ,      98 
2015-01-07 14:00:00, 1213.6 , 1215.2 , 1213.5 , 1213.9 ,    1326 
2015-01-07 15:00:00, 1213.9 , 1214.7 , 1212.4 , 1214.3 ,    1865 
2015-01-07 16:00:00, 1214.2 , 1216.6 , 1213.7 , 1214.9 ,     916 
2015-01-07 17:00:00, 1214.9 , 1218.2 , 1214.8 , 1217.3 ,     719 
2015-01-07 18:00:00, 1217.1 , 1218.5 , 1212.7 , 1213.4 ,     319 
2015-01-07 19:00:00, 1213.4 , 1215.1 , 1211.1 , 1213.6 ,     633 
2015-01-07 20:00:00, 1213.5 , 1214.2 , 1212.0 , 1212.9 ,     516 
2015-01-07 21:00:00, 1212.9 , 1213.7 , 1209.1 , 1212.4 ,      39 
2015-01-07 22:00:00, 1212.6 , 1214.7 , 1211.1 , 1212.5 ,     362 
2015-01-07 23:00:00, 1212.4 , 1216.9 , 1210.7 , 1214.7 ,    1762 
2015-01-08 00:00:00, 1214.6 , 1216.4 , 1211.3 , 1212.2 ,     722 
2015-01-08 01:00:00, 1212.2 , 1214.1 , 1211.1 , 1213.7 ,     366 
2015-01-08 02:00:00, 1213.6 , 1213.6 , 1210.1 , 1210.8 ,    1225 
2015-01-08 03:00:00, 1211.2 , 1216.7 , 1209.6 , 1215.9 ,     518 
2015-01-08 04:00:00, 1215.8 , 1216.9 , 1212.0 , 1212.4 ,     587 
2015-01-08 05:00:00, 1212.3 , 1213.6 , 1209.9 , 1211.5 ,     297 
2015-01-08 06:00:00, 1211.5 , 1211.9 , 1211.0 , 1211.1 ,     637 
2015-01-08 07:00:00, 1211.0 , 1212.9 , 1211.0 , 1212.5 ,    1328 
2015-01-08 08:00:00, 1212.4 , 1214.0 , 1212.3 , 1212.7 ,     540 
2015-01-08 09:00:00, 1212.6 , 1214.4 , 1212.2 , 1212.3 ,     766 
2015-01-08 10:00:00, 1212.4 , 1212.7 , 1209.7 , 1210.4 ,     455 
2015-01-08 11:00:00, 1210.4 , 1210.7 , 1206.1 , 1207.6 ,     403 
2015-01-08 12:00:00, 1207.5 , 1207.7 , 1204.9 , 1207.4 ,    1252 
2015-01-08 13:00:00, 1207.3 , 1210.3 , 1206.8 , 1209.9 ,    1264 
2015-01-08 14:00:00, 1209.8 , 1210.0 , 1208.1 , 1208.4 ,    3369 
2015-01-08 15:00:00, 1208.4 , 1209.0 , 1206.9 , 1208.6 ,    2450 
2015-01-08 16:00:00, 1208.6 , 1208.6 , 1205.6 , 1207.3 ,    1247 
2015-01-08 17:00:00, 1207.4 , 1209.0 , 1207.2 , 1207.7 ,     707 
2015-01-08 18:00:00, 1207.7 , 1208.2 , 1205.6 , 1206.4 ,     734 
2015-01-08 19:00:00, 1206.2 , 1207.0 , 1204.2 , 1206.9 ,     568 
2015-01-08 20:00:00, 1206.8 , 1211.5 , 1205.7 , 1210.0 ,    1011 
2015-01-08 21:00:00, 1210.1 , 1213.5 , 1207.7 , 1212.9 ,      40 
2015-01-08 22:00:00, 1212.9 , 1216.1 , 1210.5 , 1215.8 ,     171 
2015-01-08 23:00:00, 1215.7 , 1216.8 , 1212.1 , 1212.6 ,    1599 
2015-01-09 00:00:00, 1212.6 , 1215.3 , 1212.2 , 1213.2 ,     889 
2015-01-09 01:00:00, 1213.1 , 1214.3 , 1212.3 , 1213.5 ,     531 
2015-01-09 02:00:00, 1213.3 , 1213.6 , 1206.6 , 1207.9 ,     801 
2015-01-09 03:00:00, 1207.8 , 1209.6 , 1206.8 , 1207.6 ,     479 
2015-01-09 04:00:00, 1207.6 , 1208.3 , 1206.3 , 1207.3 ,     574 
2015-01-09 05:00:00, 1207.3 , 1209.1 , 1207.1 , 1208.7 ,     322 
2015-01-09 06:00:00, 1208.9 , 1209.1 , 1208.6 , 1208.9 ,     532 
2015-01-09 07:00:00, 1208.9 , 1209.0 , 1207.4 , 1208.2 ,    1571 
2015-01-09 08:00:00, 1208.1 , 1210.1 , 1208.0 , 1209.8 ,    1659 
2015-01-09 09:00:00, 1209.7 , 1212.1 , 1209.5 , 1212.1 ,     511 
2015-01-09 10:00:00, 1212.1 , 1212.9 , 1211.1 , 1212.5 ,     734 
2015-01-09 11:00:00, 1212.7 , 1213.1 , 1210.7 , 1211.1 ,     359 
2015-01-09 12:00:00, 1211.0 , 1212.6 , 1210.8 , 1211.4 ,     586 
2015-01-09 13:00:00, 1211.3 , 1213.2 , 1211.3 , 1212.2 ,     169 
2015-01-09 14:00:00, 1212.3 , 1214.3 , 1212.0 , 1212.3 ,    1735 
2015-01-09 15:00:00, 1212.3 , 1213.1 , 1210.9 , 1211.3 ,    3306 
2015-01-09 16:00:00, 1211.3 , 1212.3 , 1210.6 , 1211.6 ,   10296 
2015-01-09 17:00:00, 1211.5 , 1211.7 , 1209.2 , 1210.7 ,    1909 
2015-01-09 18:00:00, 1210.6 , 1212.1 , 1210.1 , 1212.0 ,     927 
2015-01-09 19:00:00, 1212.0 , 1212.4 , 1210.6 , 1212.0 ,     889 
2015-01-09 20:00:00, 1212.1 , 1214.1 , 1209.6 , 1210.5 ,     702 
2015-01-09 21:00:00, 1210.5 , 1218.5 , 1207.0 , 1214.4 ,      43 
2015-01-09 22:00:00, 1214.2 , 1216.8 , 1212.0 , 1215.4 ,     210 
2015-01-09 23:00:00, 1215.5 , 1221.0 , 1215.2 , 1218.1 ,    1948 
2015-01-10 00:00:00, 1218.0 , 1219.2 , 1215.2 , 1216.1 ,     723 
2015-01-10 01:00:00, 1216.0 , 1218.3 , 1215.9 , 1218.1 ,     653 
2015-01-10 02:00:00, 1218.0 , 1221.5 , 1216.0 , 1219.9 ,     789 
2015-01-10 03:00:00, 1219.9 , 1220.5 , 1217.8 , 1220.1 ,     307 
2015-01-10 04:00:00, 1220.2 , 1221.1 , 1218.4 , 1220.8 ,     441 
2015-01-10 05:00:00, 1220.7 , 1224.0 , 1219.9 , 1223.1 ,     309 
2015-01-10 06:00:00, 1223.0 , 1223.6 , 1222.0 , 1223.4 ,     867 
2015-01-12 07:00:00, 1223.0 , 1226.5 , 1222.8 , 1225.6 ,    1403 
2015-01-12 08:00:00, 1225.7 , 1226.5 , 1222.4 , 1223.7 ,     859 
2015-01-12 09:00:00, 1223.7 , 1226.9 , 1222.3 , 1226.1 ,     713 
2015-01-12 10:00:00, 1226.1 , 1228.2 , 1224.6 , 1226.0 ,     475 
2015-01-12 11:00:00, 1225.9 , 1227.3 , 1225.0 , 1225.3 ,     669 
2015-01-12 12:00:00, 1225.3 , 1226.8 , 1224.7 , 1225.5 ,    1094 
2015-01-12 13:00:00, 1225.5 , 1230.5 , 1224.2 , 1229.2 ,     162 
2015-01-12 14:00:00, 1229.3 , 1231.3 , 1227.7 , 1228.0 ,    1738 
2015-01-12 15:00:00, 1227.9 , 1228.9 , 1226.7 , 1228.1 ,    1777 
2015-01-12 16:00:00, 1228.2 , 1228.3 , 1217.5 , 1223.0 ,    1448 
2015-01-12 17:00:00, 1223.0 , 1224.4 , 1221.8 , 1223.7 ,     476 
2015-01-12 18:00:00, 1223.6 , 1223.6 , 1220.3 , 1220.9 ,     892 
2015-01-12 19:00:00, 1220.8 , 1220.9 , 1219.1 , 1219.5 ,     628 
2015-01-12 20:00:00, 1219.5 , 1222.2 , 1218.1 , 1220.0 ,     656 
2015-01-12 21:00:00, 1220.0 , 1224.8 , 1218.6 , 1224.0 ,      36 
2015-01-12 22:00:00, 1224.1 , 1228.2 , 1221.3 , 1226.6 ,     222 
2015-01-12 23:00:00, 1226.5 , 1227.8 , 1224.7 , 1225.8 ,     986 
2015-01-13 00:00:00, 1225.9 , 1227.3 , 1225.2 , 1227.2 ,     971 
2015-01-13 01:00:00, 1227.2 , 1229.7 , 1225.9 , 1228.4 ,     802 
2015-01-13 02:00:00, 1228.3 , 1235.2 , 1228.2 , 1232.9 ,     656 
2015-01-13 03:00:00, 1233.0 , 1236.0 , 1232.0 , 1233.6 ,     334 
2015-01-13 04:00:00, 1233.7 , 1235.0 , 1232.8 , 1233.9 ,     481 
2015-01-13 05:00:00, 1234.0 , 1234.3 , 1232.9 , 1233.2 ,     286 
2015-01-13 06:00:00, 1233.2 , 1233.5 , 1233.0 , 1233.4 ,     410 
2015-01-13 07:00:00, 1233.1 , 1233.6 , 1230.8 , 1231.3 ,     660 
2015-01-13 08:00:00, 1231.3 , 1233.6 , 1230.7 , 1233.3 ,     446 
2015-01-13 09:00:00, 1233.3 , 1242.0 , 1232.3 , 1236.1 ,     274 
2015-01-13 10:00:00, 1236.1 , 1238.4 , 1235.2 , 1238.1 ,     355 
2015-01-13 11:00:00, 1238.1 , 1239.4 , 1236.7 , 1236.7 ,     385 
2015-01-13 12:00:00, 1236.7 , 1237.5 , 1234.7 , 1234.8 ,     462 
2015-01-13 13:00:00, 1234.9 , 1237.3 , 1234.8 , 1235.9 ,     184 
2015-01-13 14:00:00, 1235.9 , 1236.7 , 1233.6 , 1235.9 ,    1257 
2015-01-13 15:00:00, 1235.9 , 1239.9 , 1235.7 , 1239.8 ,    2638 
2015-01-13 16:00:00, 1239.8 , 1244.5 , 1238.8 , 1242.7 ,    1316 
2015-01-13 17:00:00, 1242.9 , 1244.1 , 1236.9 , 1239.3 ,     838 
2015-01-13 18:00:00, 1239.3 , 1240.3 , 1237.7 , 1239.4 ,     624 
2015-01-13 19:00:00, 1239.4 , 1240.6 , 1238.2 , 1238.6 ,     390 
2015-01-13 20:00:00, 1238.7 , 1240.8 , 1236.4 , 1238.1 ,     645 
2015-01-13 21:00:00, 1237.9 , 1243.3 , 1236.8 , 1239.0 ,      17 
2015-01-13 22:00:00, 1239.0 , 1240.0 , 1232.8 , 1235.9 ,     259 
2015-01-13 23:00:00, 1235.9 , 1237.0 , 1231.8 , 1235.6 ,     780 
2015-01-14 00:00:00, 1235.6 , 1241.3 , 1234.6 , 1237.8 ,    1003 
2015-01-14 01:00:00, 1237.7 , 1238.4 , 1236.2 , 1237.1 ,     489 
2015-01-14 02:00:00, 1237.1 , 1237.1 , 1232.5 , 1234.0 ,     242 
2015-01-14 03:00:00, 1233.9 , 1235.9 , 1227.4 , 1233.9 ,     548 
2015-01-14 04:00:00, 1234.1 , 1234.1 , 1230.2 , 1230.7 ,     747 
2015-01-14 05:00:00, 1230.5 , 1231.6 , 1230.0 , 1231.0 ,     314 
2015-01-14 06:00:00, 1230.7 , 1231.2 , 1230.6 , 1230.9 ,     337 
2015-01-14 07:00:00, 1231.2 , 1233.3 , 1230.9 , 1233.2 ,     811 
2015-01-14 08:00:00, 1233.3 , 1234.8 , 1232.0 , 1232.9 ,     471 
2015-01-14 09:00:00, 1233.1 , 1234.4 , 1229.1 , 1230.3 ,     295 
2015-01-14 10:00:00, 1230.2 , 1231.2 , 1224.9 , 1230.7 ,     269 
2015-01-14 11:00:00, 1230.9 , 1231.2 , 1227.3 , 1228.0 ,     200 
2015-01-14 12:00:00, 1228.0 , 1230.1 , 1227.7 , 1229.9 ,    1943 
2015-01-14 13:00:00, 1230.0 , 1230.0 , 1225.8 , 1227.8 ,     405 
2015-01-14 14:00:00, 1227.7 , 1232.1 , 1227.3 , 1231.0 ,    3208 
2015-01-14 15:00:00, 1231.1 , 1233.3 , 1229.4 , 1229.9 ,    3616 
2015-01-14 16:00:00, 1229.8 , 1231.5 , 1225.6 , 1227.6 ,    1275 
2015-01-14 17:00:00, 1227.5 , 1229.4 , 1225.4 , 1228.0 ,     534 
2015-01-14 18:00:00, 1228.0 , 1230.6 , 1227.4 , 1229.2 ,     440 
2015-01-14 19:00:00, 1229.2 , 1229.9 , 1227.1 , 1228.3 ,     560 
2015-01-14 20:00:00, 1228.4 , 1232.9 , 1227.1 , 1232.0 ,     915 
2015-01-14 21:00:00, 1232.1 , 1242.2 , 1231.2 , 1239.8 ,      35 
2015-01-14 22:00:00, 1239.8 , 1244.6 , 1235.2 , 1237.1 ,     365 
2015-01-14 23:00:00, 1237.2 , 1241.3 , 1235.2 , 1238.6 ,     855 
2015-01-15 00:00:00, 1238.5 , 1240.2 , 1237.2 , 1238.8 ,     152 
2015-01-15 01:00:00, 1238.6 , 1239.7 , 1237.9 , 1238.8 ,     140 
2015-01-15 02:00:00, 1238.8 , 1239.0 , 1232.9 , 1234.3 ,     236 
2015-01-15 03:00:00, 1234.4 , 1234.9 , 1227.7 , 1233.1 ,      51 
2015-01-15 04:00:00, 1233.2 , 1233.4 , 1228.0 , 1228.1 ,     291 
2015-01-15 05:00:00, 1228.0 , 1231.6 , 1228.0 , 1229.0 ,     112 
2015-01-15 06:00:00, 1228.8 , 1229.7 , 1228.6 , 1229.1 ,     199 
2015-01-15 07:00:00, 1229.7 , 1231.9 , 1228.8 , 1231.0 ,     545 
2015-01-15 08:00:00, 1231.2 , 1232.5 , 1229.5 , 1230.6 ,     387 
2015-01-15 09:00:00, 1230.4 , 1231.4 , 1227.2 , 1228.8 ,     290 
2015-01-15 10:00:00, 1228.8 , 1230.8 , 1228.0 , 1230.1 ,     198 
2015-01-15 11:00:00, 1230.1 , 1231.9 , 1229.9 , 1230.7 ,     180 
2015-01-15 12:00:00, 1230.8 , 1232.4 , 1230.4 , 1231.0 ,     303 
2015-01-15 13:00:00, 1231.0 , 1231.4 , 1228.6 , 1229.5 ,     129 
2015-01-15 14:00:00, 1229.5 , 1229.5 , 1226.1 , 1227.8 ,    3215 
2015-01-15 15:00:00, 1227.8 , 1229.5 , 1227.0 , 1228.7 ,    1042 
2015-01-15 16:00:00, 1228.6 , 1229.5 , 1226.9 , 1229.2 ,    1322 
2015-01-15 17:00:00, 1229.0 , 1239.8 , 1227.0 , 1237.5 ,    1409 
2015-01-15 18:00:00, 1237.6 , 1250.9 , 1228.7 , 1250.1 ,     235 
2015-01-15 19:00:00, 1250.1 , 1261.1 , 1248.6 , 1256.4 ,     445 
2015-01-15 20:00:00, 1256.4 , 1258.0 , 1248.6 , 1255.3 ,     323 
2015-01-15 21:00:00, 1255.4 , 1258.0 , 1253.4 , 1254.9 ,      19 
2015-01-15 22:00:00, 1254.9 , 1260.7 , 1250.3 , 1256.5 ,     200 
2015-01-15 23:00:00, 1256.5 , 1264.6 , 1255.9 , 1259.6 ,    1426 
2015-01-16 00:00:00, 1259.5 , 1267.2 , 1258.8 , 1262.0 ,     553 
2015-01-16 01:00:00, 1262.0 , 1264.5 , 1261.3 , 1262.5 ,     434 
2015-01-16 02:00:00, 1262.5 , 1266.0 , 1260.7 , 1260.8 ,     264 
2015-01-16 03:00:00, 1260.8 , 1261.4 , 1257.2 , 1258.4 ,     349 
2015-01-16 04:00:00, 1258.3 , 1259.2 , 1256.1 , 1258.8 ,     701 
2015-01-16 05:00:00, 1259.0 , 1263.5 , 1258.0 , 1262.7 ,     406 
2015-01-16 06:00:00, 1262.8 , 1264.0 , 1262.3 , 1262.6 ,     540 
2015-01-16 07:00:00, 1263.5 , 1264.0 , 1261.9 , 1262.3 ,    1468 
2015-01-16 08:00:00, 1262.3 , 1262.7 , 1259.7 , 1260.4 ,    1093 
2015-01-16 09:00:00, 1260.5 , 1264.0 , 1258.4 , 1261.5 ,     771 
2015-01-16 10:00:00, 1261.3 , 1262.7 , 1260.4 , 1261.5 ,     713 
2015-01-16 11:00:00, 1261.5 , 1261.6 , 1259.8 , 1260.0 ,     736 
2015-01-16 12:00:00, 1260.0 , 1260.6 , 1258.2 , 1259.2 ,     673 
2015-01-16 13:00:00, 1259.3 , 1260.3 , 1257.5 , 1257.6 ,     456 
2015-01-16 14:00:00, 1257.5 , 1261.6 , 1256.6 , 1261.5 ,    2247 
2015-01-16 15:00:00, 1261.5 , 1261.5 , 1257.0 , 1257.7 ,    1101 
2015-01-16 16:00:00, 1257.7 , 1258.7 , 1255.2 , 1258.3 ,    1048 
2015-01-16 17:00:00, 1258.3 , 1261.6 , 1257.7 , 1258.9 ,     805 
2015-01-16 18:00:00, 1258.8 , 1259.8 , 1257.4 , 1258.4 ,    1553 
2015-01-16 19:00:00, 1258.4 , 1260.4 , 1257.2 , 1259.7 ,    1014 
2015-01-16 20:00:00, 1259.8 , 1262.9 , 1259.8 , 1261.1 ,     917 
2015-01-16 21:00:00, 1261.0 , 1270.3 , 1260.3 , 1265.9 ,      44 
2015-01-16 22:00:00, 1265.7 , 1274.5 , 1265.4 , 1274.5 ,     122 
2015-01-16 23:00:00, 1274.4 , 1279.0 , 1271.5 , 1272.7 ,    1710 
2015-01-17 00:00:00, 1272.6 , 1282.4 , 1271.8 , 1278.8 ,     829 
2015-01-17 01:00:00, 1278.8 , 1279.7 , 1275.9 , 1276.9 ,     567 
2015-01-17 02:00:00, 1276.9 , 1278.8 , 1273.4 , 1276.2 ,     644 
2015-01-17 03:00:00, 1276.3 , 1278.6 , 1275.7 , 1277.0 ,     654 
2015-01-17 04:00:00, 1277.2 , 1277.6 , 1274.1 , 1275.9 ,     816 
2015-01-17 05:00:00, 1275.8 , 1280.8 , 1275.3 , 1280.8 ,    1158 
2015-01-17 06:00:00, 1280.7 , 1281.0 , 1279.3 , 1280.3 ,    1514 
2015-01-19 07:00:00, 1280.7 , 1282.0 , 1275.6 , 1279.0 ,    3426 
2015-01-19 08:00:00, 1279.0 , 1279.6 , 1277.7 , 1278.8 ,    1557 
2015-01-19 09:00:00, 1278.8 , 1279.1 , 1275.7 , 1275.9 ,    1486 
2015-01-19 10:00:00, 1275.8 , 1278.1 , 1275.2 , 1277.8 ,     639 
2015-01-19 11:00:00, 1277.8 , 1278.0 , 1276.6 , 1276.7 ,    1197 
2015-01-19 12:00:00, 1276.8 , 1276.9 , 1275.8 , 1276.3 ,    3741 
2015-01-19 13:00:00, 1276.3 , 1277.7 , 1275.7 , 1277.4 ,    1051 
2015-01-19 14:00:00, 1277.4 , 1277.8 , 1276.0 , 1277.3 ,    3484 
2015-01-19 15:00:00, 1277.2 , 1277.5 , 1274.8 , 1275.2 ,    2012 
2015-01-19 16:00:00, 1275.3 , 1278.9 , 1275.1 , 1275.9 ,     756 
2015-01-19 17:00:00, 1275.9 , 1277.0 , 1274.6 , 1276.7 ,     518 
2015-01-19 18:00:00, 1276.7 , 1277.4 , 1275.5 , 1277.0 ,     811 
2015-01-19 19:00:00, 1277.0 , 1278.2 , 1276.6 , 1278.1 ,     868 
2015-01-19 20:00:00, 1278.0 , 1279.3 , 1277.4 , 1278.3 ,     544 
2015-01-19 21:00:00, 1278.2 , 1278.7 , 1276.1 , 1276.8 ,     107 
2015-01-19 22:00:00, 1276.7 , 1277.2 , 1275.7 , 1275.9 ,     240 
2015-01-19 23:00:00, 1275.8 , 1275.9 , 1272.1 , 1272.7 ,    1011 
2015-01-20 00:00:00, 1272.7 , 1277.5 , 1272.5 , 1276.4 ,     797 
2015-01-20 01:00:00, 1276.4 , 1277.8 , 1276.0 , 1277.2 ,     569 
2015-01-20 07:00:00, 1276.3 , 1277.0 , 1275.7 , 1276.0 ,     404 
2015-01-20 08:00:00, 1275.9 , 1276.3 , 1274.6 , 1274.8 ,     560 
2015-01-20 09:00:00, 1274.7 , 1278.0 , 1274.2 , 1277.5 ,     848 
2015-01-20 10:00:00, 1277.6 , 1278.8 , 1276.5 , 1277.3 ,     392 
2015-01-20 11:00:00, 1277.3 , 1278.1 , 1276.4 , 1276.9 ,     777 
2015-01-20 12:00:00, 1276.9 , 1277.1 , 1276.3 , 1277.0 ,    1257 
2015-01-20 13:00:00, 1276.9 , 1277.4 , 1275.4 , 1277.1 ,    5656 
2015-01-20 14:00:00, 1277.2 , 1278.6 , 1275.8 , 1276.2 ,    8999 
2015-01-20 15:00:00, 1276.4 , 1281.2 , 1276.3 , 1280.2 ,    4132 
2015-01-20 16:00:00, 1280.3 , 1293.0 , 1278.8 , 1291.7 ,    4189 
2015-01-20 17:00:00, 1291.7 , 1294.3 , 1289.5 , 1291.2 ,    2545 
2015-01-20 18:00:00, 1291.2 , 1293.1 , 1290.0 , 1291.4 ,     621 
2015-01-20 19:00:00, 1291.5 , 1291.8 , 1285.4 , 1286.0 ,    5527 
2015-01-20 20:00:00, 1286.2 , 1292.0 , 1286.1 , 1291.4 ,    2388 
2015-01-20 21:00:00, 1291.4 , 1292.2 , 1284.9 , 1285.4 ,    1276 
2015-01-20 22:00:00, 1285.5 , 1293.1 , 1285.1 , 1289.6 ,    2254 
2015-01-20 23:00:00, 1289.6 , 1293.4 , 1288.5 , 1292.1 ,     925 
2015-01-21 00:00:00, 1292.0 , 1297.2 , 1291.1 , 1296.0 ,     696 
2015-01-21 01:00:00, 1296.1 , 1297.2 , 1293.6 , 1294.0 ,     525 
2015-01-21 02:00:00, 1294.0 , 1295.6 , 1291.4 , 1293.1 ,      74 
2015-01-21 03:00:00, 1293.0 , 1294.1 , 1285.9 , 1293.3 ,     391 
2015-01-21 04:00:00, 1293.1 , 1295.6 , 1292.4 , 1292.9 ,    2090 
2015-01-21 05:00:00, 1293.0 , 1295.6 , 1292.2 , 1295.6 ,     748 
2015-01-21 06:00:00, 1295.3 , 1295.5 , 1294.0 , 1294.2 ,    2111 
2015-01-21 07:00:00, 1295.3 , 1295.3 , 1292.1 , 1292.2 ,    1251 
2015-01-21 08:00:00, 1292.2 , 1292.8 , 1290.6 , 1292.7 ,     741 
2015-01-21 09:00:00, 1292.8 , 1294.7 , 1292.3 , 1293.8 ,    1010 
2015-01-21 10:00:00, 1293.7 , 1297.4 , 1293.6 , 1296.4 ,     654 
2015-01-21 11:00:00, 1296.3 , 1298.1 , 1294.8 , 1296.4 ,     677 
2015-01-21 12:00:00, 1296.3 , 1298.0 , 1295.3 , 1297.7 ,    1199 
2015-01-21 13:00:00, 1297.7 , 1303.0 , 1297.0 , 1300.5 ,    1593 
2015-01-21 14:00:00, 1300.3 , 1303.7 , 1299.5 , 1300.1 ,    1149 
2015-01-21 15:00:00, 1300.2 , 1301.2 , 1298.6 , 1298.8 ,     457 
2015-01-21 16:00:00, 1298.8 , 1303.6 , 1296.7 , 1299.8 ,    1109 
2015-01-21 17:00:00, 1299.9 , 1301.2 , 1298.0 , 1300.1 ,     823 
2015-01-21 18:00:00, 1300.0 , 1301.9 , 1297.0 , 1297.8 ,     298 
2015-01-21 19:00:00, 1297.8 , 1298.7 , 1296.3 , 1298.1 ,    3778 
2015-01-21 20:00:00, 1297.9 , 1301.9 , 1297.0 , 1301.0 ,    3047 
2015-01-21 21:00:00, 1301.0 , 1307.0 , 1299.9 , 1301.8 ,    1218 
2015-01-21 22:00:00, 1301.9 , 1305.2 , 1289.8 , 1293.9 ,     531 
2015-01-21 23:00:00, 1294.0 , 1295.9 , 1284.6 , 1289.9 ,     242 
2015-01-22 00:00:00, 1289.9 , 1293.2 , 1286.4 , 1292.5 ,     283 
2015-01-22 01:00:00, 1292.5 , 1293.6 , 1290.3 , 1292.6 ,     537 
2015-01-22 02:00:00, 1292.5 , 1294.3 , 1288.9 , 1292.9 ,      19 
2015-01-22 03:00:00, 1293.1 , 1295.9 , 1291.6 , 1292.9 ,     244 
2015-01-22 04:00:00, 1292.9 , 1295.3 , 1292.5 , 1293.6 ,    1481 
2015-01-22 05:00:00, 1293.6 , 1294.0 , 1293.0 , 1293.0 ,    1053 
2015-01-22 06:00:00, 1293.0 , 1293.6 , 1292.9 , 1292.9 ,     344 
2015-01-22 07:00:00, 1293.7 , 1293.7 , 1291.2 , 1292.0 ,     778 
2015-01-22 08:00:00, 1292.0 , 1292.0 , 1290.2 , 1291.4 ,     318 
2015-01-22 09:00:00, 1291.4 , 1293.4 , 1289.1 , 1292.2 ,     490 
2015-01-22 10:00:00, 1292.2 , 1293.2 , 1291.7 , 1292.6 ,     262 
2015-01-22 11:00:00, 1292.7 , 1293.1 , 1291.7 , 1292.9 ,     194 
2015-01-22 12:00:00, 1292.8 , 1293.9 , 1292.0 , 1293.7 ,     929 
2015-01-22 13:00:00, 1293.8 , 1293.9 , 1290.8 , 1291.8 ,     521 
2015-01-22 14:00:00, 1291.7 , 1292.1 , 1283.3 , 1287.3 ,     319 
2015-01-22 15:00:00, 1287.2 , 1288.7 , 1285.2 , 1286.3 ,     520 
2015-01-22 16:00:00, 1286.3 , 1287.1 , 1284.1 , 1286.1 ,     154 
2015-01-22 17:00:00, 1286.0 , 1289.7 , 1285.9 , 1286.6 ,     427 
2015-01-22 18:00:00, 1286.7 , 1288.0 , 1285.6 , 1286.6 ,    1254 
2015-01-22 19:00:00, 1286.7 , 1287.8 , 1284.8 , 1287.2 ,     820 
2015-01-22 20:00:00, 1287.3 , 1289.7 , 1279.1 , 1288.7 ,     241 
2015-01-22 21:00:00, 1288.9 , 1297.9 , 1286.5 , 1295.7 ,     261 
2015-01-22 22:00:00, 1295.6 , 1304.1 , 1292.7 , 1295.0 ,      83 
2015-01-22 23:00:00, 1295.1 , 1303.4 , 1294.8 , 1299.5 ,     212 
2015-01-23 00:00:00, 1299.4 , 1307.8 , 1299.3 , 1302.7 ,    1608 
2015-01-23 01:00:00, 1302.6 , 1304.0 , 1299.6 , 1300.9 ,     834 
2015-01-23 02:00:00, 1301.0 , 1303.5 , 1299.0 , 1301.6 ,     395 
2015-01-23 03:00:00, 1301.6 , 1304.1 , 1300.8 , 1303.7 ,     333 
2015-01-23 04:00:00, 1303.7 , 1306.2 , 1303.2 , 1303.5 ,     204 
2015-01-23 05:00:00, 1303.6 , 1303.8 , 1301.4 , 1302.4 ,     456 
2015-01-23 06:00:00, 1302.1 , 1302.5 , 1301.8 , 1302.1 ,     258 
2015-01-23 07:00:00, 1301.5 , 1302.9 , 1300.6 , 1300.9 ,     455 
2015-01-23 08:00:00, 1301.0 , 1301.9 , 1299.4 , 1300.5 ,     760 
2015-01-23 09:00:00, 1300.4 , 1301.3 , 1298.3 , 1300.4 ,     335 
2015-01-23 10:00:00, 1300.5 , 1300.7 , 1299.0 , 1299.8 ,     976 
2015-01-23 11:00:00, 1299.8 , 1300.0 , 1297.6 , 1297.8 ,     375 
2015-01-23 12:00:00, 1297.7 , 1298.3 , 1296.5 , 1297.2 ,     660 
2015-01-23 13:00:00, 1297.2 , 1297.5 , 1293.7 , 1295.1 ,     629 
2015-01-23 14:00:00, 1295.0 , 1297.4 , 1293.4 , 1296.7 ,     356 
2015-01-23 15:00:00, 1296.7 , 1297.1 , 1292.7 , 1294.0 ,    2346 
2015-01-23 16:00:00, 1294.0 , 1297.0 , 1293.2 , 1294.9 ,    1617 
2015-01-23 17:00:00, 1295.0 , 1297.0 , 1293.8 , 1294.9 ,    1398 
2015-01-23 18:00:00, 1294.9 , 1295.5 , 1292.7 , 1294.7 ,     802 
2015-01-23 19:00:00, 1294.6 , 1296.5 , 1293.8 , 1295.9 ,     435 
2015-01-23 20:00:00, 1295.9 , 1299.8 , 1295.0 , 1297.7 ,     706 
2015-01-23 21:00:00, 1297.5 , 1298.6 , 1295.5 , 1297.8 ,     877 
2015-01-23 22:00:00, 1297.8 , 1298.1 , 1293.9 , 1295.3 ,      24 
2015-01-23 23:00:00, 1295.3 , 1296.2 , 1284.3 , 1290.7 ,     127 
2015-01-24 00:00:00, 1290.7 , 1293.0 , 1289.1 , 1290.7 ,     878 
2015-01-24 01:00:00, 1290.7 , 1291.0 , 1288.6 , 1289.6 ,     607 
2015-01-24 02:00:00, 1289.7 , 1294.1 , 1289.1 , 1293.2 ,     869 
2015-01-24 03:00:00, 1293.3 , 1293.4 , 1290.4 , 1291.2 ,    1994 
2015-01-24 04:00:00, 1291.2 , 1295.3 , 1290.8 , 1293.7 ,     461 
2015-01-24 05:00:00, 1293.7 , 1295.3 , 1293.4 , 1294.2 ,     334 
2015-01-24 06:00:00, 1294.4 , 1295.3 , 1293.9 , 1294.1 ,     332 
2015-01-26 07:00:00, 1292.8 , 1298.0 , 1289.7 , 1297.0 ,     276 
2015-01-26 08:00:00, 1297.0 , 1299.2 , 1295.1 , 1296.8 ,     692 
2015-01-26 09:00:00, 1296.9 , 1299.1 , 1295.3 , 1296.2 ,     488 
2015-01-26 10:00:00, 1296.2 , 1296.5 , 1295.0 , 1295.8 ,     388 
2015-01-26 11:00:00, 1296.0 , 1296.4 , 1293.0 , 1294.5 ,     407 
2015-01-26 12:00:00, 1294.7 , 1295.0 , 1292.9 , 1294.1 ,    1230 
2015-01-26 13:00:00, 1294.2 , 1295.1 , 1292.1 , 1292.3 ,     718 
2015-01-26 14:00:00, 1292.2 , 1293.3 , 1290.9 , 1293.0 ,     304 
2015-01-26 15:00:00, 1293.1 , 1293.9 , 1287.0 , 1288.9 ,    4364 
2015-01-26 16:00:00, 1288.9 , 1289.4 , 1281.3 , 1282.6 ,    2146 
2015-01-26 17:00:00, 1282.7 , 1285.0 , 1280.0 , 1283.2 ,    1277 
2015-01-26 18:00:00, 1283.2 , 1285.8 , 1282.0 , 1283.1 ,     879 
2015-01-26 19:00:00, 1283.0 , 1283.6 , 1277.1 , 1277.4 ,     842 
2015-01-26 20:00:00, 1277.4 , 1284.5 , 1275.6 , 1284.1 ,     712 
2015-01-26 21:00:00, 1284.1 , 1287.5 , 1281.2 , 1285.9 ,     735 
2015-01-26 22:00:00, 1285.9 , 1287.1 , 1280.3 , 1281.5 ,      47 
2015-01-26 23:00:00, 1281.4 , 1281.8 , 1275.7 , 1279.2 ,      73 
2015-01-27 00:00:00, 1279.2 , 1280.0 , 1277.5 , 1278.7 ,     677 
2015-01-27 01:00:00, 1278.7 , 1281.6 , 1278.6 , 1280.8 ,     407 
2015-01-27 02:00:00, 1280.8 , 1280.9 , 1278.0 , 1279.4 ,     160 
2015-01-27 03:00:00, 1279.4 , 1281.5 , 1279.0 , 1281.0 ,     475 
2015-01-27 04:00:00, 1280.9 , 1281.1 , 1278.9 , 1280.1 ,     231 
2015-01-27 05:00:00, 1280.1 , 1281.6 , 1279.6 , 1281.1 ,     229 
2015-01-27 06:00:00, 1281.2 , 1281.5 , 1280.8 , 1281.3 ,     201 
2015-01-27 07:00:00, 1280.7 , 1282.3 , 1279.0 , 1279.8 ,     369 
2015-01-27 08:00:00, 1279.7 , 1280.1 , 1272.0 , 1275.2 ,     628 
2015-01-27 09:00:00, 1275.3 , 1278.2 , 1274.8 , 1276.1 ,     548 
2015-01-27 10:00:00, 1276.1 , 1278.7 , 1275.7 , 1278.1 ,     465 
2015-01-27 11:00:00, 1278.1 , 1279.8 , 1277.3 , 1277.6 ,     384 
2015-01-27 12:00:00, 1277.7 , 1278.1 , 1276.7 , 1277.4 ,     498 
2015-01-27 13:00:00, 1277.6 , 1279.0 , 1276.9 , 1278.5 ,    2552 
2015-01-27 14:00:00, 1278.5 , 1283.0 , 1278.4 , 1282.6 ,     719 
2015-01-27 15:00:00, 1282.6 , 1283.9 , 1279.5 , 1279.6 ,    4242 
2015-01-27 16:00:00, 1279.6 , 1282.0 , 1277.3 , 1281.8 ,    1245 
2015-01-27 17:00:00, 1281.8 , 1282.7 , 1280.1 , 1282.5 ,    2124 
2015-01-27 18:00:00, 1282.6 , 1282.9 , 1278.9 , 1279.9 ,     508 
2015-01-27 19:00:00, 1280.0 , 1281.7 , 1279.8 , 1280.3 ,     500 
2015-01-27 20:00:00, 1280.3 , 1283.3 , 1279.0 , 1282.9 ,     687 
2015-01-27 21:00:00, 1283.1 , 1288.6 , 1279.7 , 1287.0 ,     391 
2015-01-27 22:00:00, 1287.2 , 1291.1 , 1284.8 , 1289.7 ,      24 
2015-01-27 23:00:00, 1289.8 , 1297.4 , 1287.4 , 1294.2 ,      93 
2015-01-28 00:00:00, 1294.3 , 1295.4 , 1292.1 , 1292.7 ,     932 
2015-01-28 01:00:00, 1292.7 , 1293.3 , 1289.3 , 1290.1 ,     195 
2015-01-28 02:00:00, 1290.0 , 1293.5 , 1289.8 , 1293.1 ,     304 
2015-01-28 03:00:00, 1293.1 , 1293.7 , 1292.3 , 1293.6 ,     168 
2015-01-28 04:00:00, 1293.5 , 1295.8 , 1292.6 , 1294.4 ,     176 
2015-01-28 05:00:00, 1294.5 , 1294.9 , 1291.6 , 1291.9 ,     344 
2015-01-28 06:00:00, 1291.9 , 1292.9 , 1291.7 , 1292.1 ,     178 
2015-01-28 07:00:00, 1292.0 , 1293.2 , 1291.7 , 1293.1 ,     270 
2015-01-28 08:00:00, 1293.1 , 1293.3 , 1291.6 , 1291.8 ,     912 
2015-01-28 09:00:00, 1291.8 , 1291.8 , 1289.3 , 1289.6 ,     564 
2015-01-28 10:00:00, 1289.5 , 1291.4 , 1289.0 , 1290.2 ,     452 
2015-01-28 11:00:00, 1290.4 , 1291.0 , 1288.8 , 1289.1 ,     432 
2015-01-28 12:00:00, 1289.1 , 1289.8 , 1288.2 , 1289.5 ,     871 
2015-01-28 13:00:00, 1289.6 , 1291.8 , 1289.2 , 1291.2 ,    1078 
2015-01-28 14:00:00, 1291.1 , 1291.9 , 1288.6 , 1288.8 ,     343 
2015-01-28 15:00:00, 1288.7 , 1289.4 , 1285.6 , 1287.7 ,    2157 
2015-01-28 16:00:00, 1287.6 , 1289.3 , 1286.9 , 1287.8 ,    2123 
2015-01-28 17:00:00, 1287.9 , 1289.3 , 1286.8 , 1287.6 ,     611 
2015-01-28 18:00:00, 1287.5 , 1288.7 , 1286.1 , 1288.1 ,     294 
2015-01-28 19:00:00, 1288.1 , 1291.5 , 1288.1 , 1289.3 ,     290 
2015-01-28 20:00:00, 1289.4 , 1292.4 , 1289.3 , 1289.9 ,     159 
2015-01-28 21:00:00, 1289.8 , 1292.7 , 1283.6 , 1286.3 ,     431 
2015-01-28 22:00:00, 1286.3 , 1287.3 , 1282.7 , 1284.9 ,       7 
2015-01-28 23:00:00, 1284.9 , 1288.6 , 1284.0 , 1287.6 ,     203 
2015-01-29 00:00:00, 1287.7 , 1287.9 , 1284.8 , 1285.7 ,     542 
2015-01-29 01:00:00, 1285.8 , 1287.2 , 1284.9 , 1286.9 ,     316 
2015-01-29 02:00:00, 1286.9 , 1289.0 , 1285.3 , 1286.7 ,     138 
2015-01-29 03:00:00, 1286.7 , 1288.9 , 1279.0 , 1284.6 ,     194 
2015-01-29 04:00:00, 1284.6 , 1286.4 , 1282.5 , 1284.3 ,     109 
2015-01-29 05:00:00, 1284.5 , 1285.4 , 1283.8 , 1283.8 ,     349 
2015-01-29 06:00:00, 1283.7 , 1283.7 , 1282.6 , 1282.6 ,     146 
2015-01-29 07:00:00, 1284.0 , 1285.9 , 1283.6 , 1285.6 ,     336 
2015-01-29 08:00:00, 1285.7 , 1286.5 , 1285.2 , 1285.9 ,     754 
2015-01-29 09:00:00, 1286.0 , 1286.6 , 1279.2 , 1280.0 ,     611 
2015-01-29 10:00:00, 1279.9 , 1282.1 , 1278.7 , 1281.8 ,     354 
2015-01-29 11:00:00, 1281.8 , 1282.8 , 1281.4 , 1281.8 ,     269 
2015-01-29 12:00:00, 1281.8 , 1285.8 , 1281.8 , 1283.0 ,     342 
2015-01-29 13:00:00, 1282.9 , 1283.9 , 1280.5 , 1283.3 ,    1139 
2015-01-29 14:00:00, 1283.4 , 1284.2 , 1281.8 , 1282.9 ,     173 
2015-01-29 15:00:00, 1282.8 , 1283.2 , 1278.2 , 1282.1 ,    1952 
2015-01-29 16:00:00, 1281.9 , 1282.1 , 1277.4 , 1280.4 ,    1424 
2015-01-29 17:00:00, 1280.6 , 1280.9 , 1272.4 , 1276.2 ,     555 
2015-01-29 18:00:00, 1276.1 , 1278.0 , 1275.2 , 1276.0 ,     341 
2015-01-29 19:00:00, 1276.1 , 1277.5 , 1264.2 , 1269.4 ,     292 
2015-01-29 20:00:00, 1269.2 , 1272.0 , 1267.8 , 1268.7 ,      98 
2015-01-29 21:00:00, 1268.7 , 1274.6 , 1266.8 , 1272.1 ,     434 
2015-01-29 22:00:00, 1272.0 , 1273.2 , 1267.9 , 1272.8 ,      15 
2015-01-29 23:00:00, 1272.8 , 1273.4 , 1262.9 , 1264.8 ,     184 
2015-01-30 00:00:00, 1264.8 , 1266.1 , 1257.1 , 1259.4 ,     932 
2015-01-30 01:00:00, 1259.5 , 1259.5 , 1252.5 , 1257.2 ,     302 
2015-01-30 02:00:00, 1257.2 , 1258.5 , 1252.1 , 1257.9 ,     220 
2015-01-30 03:00:00, 1258.0 , 1259.1 , 1255.9 , 1256.6 ,     303 
2015-01-30 04:00:00, 1256.7 , 1259.0 , 1254.9 , 1257.1 ,     407 
2015-01-30 05:00:00, 1257.1 , 1258.9 , 1256.6 , 1257.6 ,     453 
2015-01-30 06:00:00, 1257.7 , 1258.7 , 1257.6 , 1258.7 ,     221 
2015-01-30 07:00:00, 1259.0 , 1261.3 , 1258.2 , 1261.3 ,     320 
2015-01-30 08:00:00, 1261.3 , 1262.3 , 1260.2 , 1260.3 ,     786 
2015-01-30 09:00:00, 1260.2 , 1261.1 , 1257.5 , 1260.6 ,     514 
2015-01-30 10:00:00, 1260.6 , 1261.6 , 1258.9 , 1259.0 ,     269 
2015-01-30 11:00:00, 1259.2 , 1261.8 , 1259.2 , 1260.9 ,     398 
2015-01-30 12:00:00, 1260.9 , 1262.0 , 1260.7 , 1260.7 ,     609 
2015-01-30 13:00:00, 1260.9 , 1262.2 , 1260.5 , 1261.3 ,    1335 
2015-01-30 14:00:00, 1261.3 , 1261.7 , 1259.2 , 1261.4 ,     625 
2015-01-30 15:00:00, 1261.2 , 1264.4 , 1260.7 , 1262.8 ,    1998 
2015-01-30 16:00:00, 1262.8 , 1264.0 , 1261.0 , 1263.7 ,    1263 
2015-01-30 17:00:00, 1263.7 , 1266.8 , 1263.5 , 1265.0 ,    1050 
2015-01-30 18:00:00, 1265.1 , 1265.9 , 1263.2 , 1265.7 ,    1051
2015-01-30 19:00:00, 1265.6 , 1266.0 , 1262.1 , 1263.3 ,    1052
2015-01-30 20:00:00, 1263.3 , 1264.7 , 1262.7 , 1263.8 ,    1053
2015-01-30 21:00:00, 1263.9 , 1267.5 , 1258.1 , 1264.0 ,    1054
2015-01-30 22:00:00, 1263.9 , 1265.2 , 1259.2 , 1260.9 ,    1055
2015-01-30 23:00:00, 1260.9 , 1274.4 , 1260.5 , 1274.4 ,    1056
2015-01-31 00:00:00, 1274.3 , 1278.5 , 1271.2 , 1273.6 ,    1057
2015-01-31 01:00:00, 1273.6 , 1278.2 , 1273.4 , 1275.9 ,    1058
2015-01-31 02:00:00, 1276.0 , 1279.5 , 1275.2 , 1277.2 ,    1059
2015-01-31 03:00:00, 1277.3 , 1283.5 , 1277.1 , 1282.8 ,    1060
2015-01-31 04:00:00, 1282.9 , 1285.4 , 1281.0 , 1285.1 ,    1061
2015-01-31 05:00:00, 1285.2 , 1285.3 , 1283.6 , 1284.4 ,    1062
2015-01-31 06:00:00, 1284.0 , 1284.6 , 1283.3 , 1283.7 ,    1063
2015-02-02 07:00:00, 1283.0 , 1283.2 , 1280.1 , 1281.3 ,    1064
2015-02-02 08:00:00, 1281.3 , 1282.6 , 1280.6 , 1281.2 ,    1065
2015-02-02 09:00:00, 1281.2 , 1283.9 , 1280.1 , 1280.3 ,    1066
2015-02-02 10:00:00, 1280.3 , 1281.5 , 1279.1 , 1279.5 ,    1067
2015-02-02 11:00:00, 1279.5 , 1281.3 , 1279.1 , 1280.2 ,    1068
2015-02-02 12:00:00, 1280.3 , 1281.3 , 1280.2 , 1281.1 ,    1069
2015-02-02 13:00:00, 1281.1 , 1282.0 , 1280.5 , 1280.7 ,    1070
2015-02-02 14:00:00, 1280.8 , 1281.5 , 1279.2 , 1280.1 ,    1071
2015-02-02 15:00:00, 1280.1 , 1280.8 , 1279.1 , 1280.8 ,    1072
2015-02-02 16:00:00, 1280.7 , 1280.9 , 1276.0 , 1277.0 ,    1073
2015-02-02 17:00:00, 1277.0 , 1277.5 , 1274.1 , 1275.3 ,    1074
2015-02-02 18:00:00, 1275.3 , 1277.1 , 1274.3 , 1276.6 ,    1075
2015-02-02 19:00:00, 1276.5 , 1279.5 , 1275.3 , 1276.5 ,    1076
2015-02-02 20:00:00, 1276.4 , 1277.7 , 1271.6 , 1273.4 ,    1077
2015-02-02 21:00:00, 1273.2 , 1275.0 , 1271.1 , 1271.9 ,    1078
2015-02-02 22:00:00, 1271.9 , 1273.6 , 1266.5 , 1271.9 ,    1079
2015-02-02 23:00:00, 1271.9 , 1276.5 , 1270.5 , 1273.4 ,    1080
2015-02-03 00:00:00, 1273.5 , 1275.2 , 1271.0 , 1274.6 ,    1081
2015-02-03 01:00:00, 1274.8 , 1279.5 , 1274.6 , 1278.2 ,    1082
2015-02-03 02:00:00, 1278.3 , 1282.8 , 1276.4 , 1280.4 ,    1083
2015-02-03 03:00:00, 1280.4 , 1280.9 , 1278.6 , 1280.7 ,    1084
2015-02-03 04:00:00, 1280.7 , 1281.6 , 1273.0 , 1275.2 ,    1085
2015-02-03 05:00:00, 1275.1 , 1276.0 , 1274.3 , 1274.7 ,    1086
2015-02-03 06:00:00, 1274.5 , 1274.7 , 1273.4 , 1274.4 ,    1087
2015-02-03 07:00:00, 1275.6 , 1276.0 , 1274.9 , 1275.1 ,    1088
2015-02-03 08:00:00, 1275.0 , 1275.3 , 1273.5 , 1274.5 ,    1089
2015-02-03 09:00:00, 1274.5 , 1276.3 , 1272.0 , 1275.8 ,    1090
2015-02-03 10:00:00, 1275.7 , 1275.8 , 1274.2 , 1275.5 ,    1091
2015-02-03 11:00:00, 1275.5 , 1275.8 , 1274.0 , 1274.0 ,    1092
2015-02-03 12:00:00, 1273.9 , 1275.3 , 1273.4 , 1274.4 ,    1093
2015-02-03 13:00:00, 1274.3 , 1276.8 , 1274.0 , 1276.2 ,    1094
2015-02-03 14:00:00, 1276.3 , 1281.4 , 1276.3 , 1279.7 ,    1095
2015-02-03 15:00:00, 1279.8 , 1286.5 , 1279.4 , 1283.6 ,    1096
2015-02-03 16:00:00, 1283.7 , 1285.5 , 1281.8 , 1283.8 ,    1097
2015-02-03 17:00:00, 1283.8 , 1285.8 , 1280.6 , 1281.5 ,    1098
2015-02-03 18:00:00, 1281.6 , 1284.1 , 1280.8 , 1281.8 ,    1099
2015-02-03 19:00:00, 1281.9 , 1283.1 , 1279.6 , 1280.9 ,    1100
2015-02-03 20:00:00, 1280.9 , 1281.2 , 1270.2 , 1271.7 ,    1101
2015-02-03 21:00:00, 1271.9 , 1273.4 , 1263.3 , 1265.9 ,    1102
2015-02-03 22:00:00, 1265.9 , 1270.2 , 1261.7 , 1265.1 ,    1103
2015-02-03 23:00:00, 1265.2 , 1266.2 , 1257.0 , 1259.0 ,    1104
2015-02-04 00:00:00, 1259.0 , 1262.9 , 1255.8 , 1262.2 ,    1105
2015-02-04 01:00:00, 1262.3 , 1262.3 , 1258.0 , 1259.7 ,    1106
2015-02-04 02:00:00, 1259.5 , 1268.3 , 1258.6 , 1265.1 ,    1107
2015-02-04 03:00:00, 1265.0 , 1266.3 , 1262.2 , 1263.5 ,    1108
2015-02-04 04:00:00, 1263.6 , 1264.1 , 1259.8 , 1261.0 ,    1109
2015-02-04 05:00:00, 1261.0 , 1262.0 , 1259.9 , 1260.6 ,    1110
2015-02-04 06:00:00, 1260.6 , 1261.4 , 1260.5 , 1260.6 ,    1111
2015-02-04 07:00:00, 1261.5 , 1263.4 , 1261.0 , 1261.7 ,    1112
2015-02-04 08:00:00, 1261.8 , 1262.8 , 1258.8 , 1259.1 ,    1113
2015-02-04 09:00:00, 1259.1 , 1262.0 , 1256.9 , 1261.3 ,    1114
2015-02-04 10:00:00, 1261.4 , 1263.7 , 1260.8 , 1262.2 ,    1115
2015-02-04 11:00:00, 1262.3 , 1263.6 , 1261.0 , 1263.0 ,    1116
2015-02-04 12:00:00, 1263.0 , 1265.3 , 1262.6 , 1264.3 ,    1117
2015-02-04 13:00:00, 1264.2 , 1265.1 , 1262.8 , 1263.0 ,    1118
2015-02-04 14:00:00, 1263.1 , 1266.0 , 1262.8 , 1265.4 ,    1119
2015-02-04 15:00:00, 1265.3 , 1267.9 , 1263.0 , 1264.9 ,    1120
2015-02-04 16:00:00, 1265.0 , 1266.2 , 1263.5 , 1265.5 ,    1121
2015-02-04 17:00:00, 1265.5 , 1267.1 , 1263.2 , 1265.1 ,    1122
2015-02-04 18:00:00, 1265.1 , 1272.1 , 1263.7 , 1269.2 ,    1123
2015-02-04 19:00:00, 1269.1 , 1269.9 , 1266.1 , 1267.0 ,    1124
2015-02-04 20:00:00, 1266.8 , 1269.7 , 1265.3 , 1269.7 ,    1125
2015-02-04 21:00:00, 1269.7 , 1270.8 , 1266.3 , 1267.4 ,    1126
2015-02-04 22:00:00, 1267.3 , 1270.0 , 1265.7 , 1269.3 ,    1127
2015-02-04 23:00:00, 1269.2 , 1273.3 , 1259.5 , 1262.3 ,    1128
2015-02-05 00:00:00, 1262.3 , 1267.0 , 1261.3 , 1264.2 ,    1129
2015-02-05 01:00:00, 1264.1 , 1265.5 , 1262.2 , 1263.2 ,    1130
2015-02-05 02:00:00, 1263.3 , 1265.1 , 1262.4 , 1264.9 ,    1131
2015-02-05 03:00:00, 1264.9 , 1266.3 , 1264.4 , 1266.0 ,    1132
2015-02-05 04:00:00, 1266.0 , 1267.7 , 1263.8 , 1266.0 ,    1133
2015-02-05 05:00:00, 1266.0 , 1272.3 , 1264.1 , 1269.3 ,    1134
2015-02-05 06:00:00, 1269.3 , 1270.3 , 1268.4 , 1269.4 ,    1135
2015-02-05 07:00:00, 1270.4 , 1274.6 , 1269.8 , 1272.8 ,    1136
2015-02-05 08:00:00, 1272.9 , 1273.7 , 1272.1 , 1273.7 ,    1137
2015-02-05 09:00:00, 1273.7 , 1274.1 , 1270.8 , 1272.4 ,    1138
2015-02-05 10:00:00, 1272.4 , 1273.9 , 1272.0 , 1272.7 ,    1139
2015-02-05 11:00:00, 1272.5 , 1273.5 , 1271.3 , 1271.9 ,    1140
2015-02-05 12:00:00, 1271.8 , 1272.4 , 1271.5 , 1271.9 ,    1141
2015-02-05 13:00:00, 1271.9 , 1273.8 , 1271.2 , 1272.4 ,    1142
2015-02-05 14:00:00, 1272.4 , 1273.9 , 1270.0 , 1270.3 ,    1143
2015-02-05 15:00:00, 1270.3 , 1271.4 , 1268.2 , 1269.1 ,    1144
2015-02-05 16:00:00, 1269.2 , 1269.3 , 1265.3 , 1267.0 ,    1145
2015-02-05 17:00:00, 1266.7 , 1267.3 , 1264.8 , 1266.6 ,    1146
2015-02-05 18:00:00, 1266.6 , 1268.2 , 1260.5 , 1260.9 ,    1147
2015-02-05 19:00:00, 1260.9 , 1262.2 , 1258.8 , 1261.3 ,    1148
2015-02-05 20:00:00, 1261.1 , 1264.3 , 1260.6 , 1262.0 ,    1149
2015-02-05 21:00:00, 1262.1 , 1266.0 , 1261.4 , 1262.7 ,    1150
2015-02-05 22:00:00, 1262.7 , 1263.7 , 1257.7 , 1259.5 ,    1151
2015-02-05 23:00:00, 1259.5 , 1263.6 , 1258.6 , 1261.2 ,    1152
2015-02-06 00:00:00, 1261.2 , 1263.9 , 1256.1 , 1262.4 ,    1153
2015-02-06 01:00:00, 1262.2 , 1263.6 , 1261.5 , 1262.8 ,    1154
2015-02-06 02:00:00, 1262.7 , 1264.9 , 1262.0 , 1264.8 ,    1155
2015-02-06 03:00:00, 1264.7 , 1266.8 , 1263.6 , 1265.6 ,    1156
2015-02-06 04:00:00, 1265.5 , 1268.5 , 1264.7 , 1268.3 ,    1157
2015-02-06 05:00:00, 1268.2 , 1268.2 , 1264.7 , 1264.9 ,    1158
2015-02-06 06:00:00, 1264.9 , 1265.2 , 1264.3 , 1265.0 ,    1159
2015-02-06 07:00:00, 1266.4 , 1268.1 , 1264.9 , 1265.7 ,    1160
2015-02-06 08:00:00, 1265.6 , 1266.1 , 1264.1 , 1265.0 ,    1161
2015-02-06 09:00:00, 1264.9 , 1266.0 , 1262.4 , 1266.0 ,    1162
2015-02-06 10:00:00, 1266.0 , 1266.8 , 1265.5 , 1266.2 ,    1163
2015-02-06 11:00:00, 1266.3 , 1266.8 , 1266.0 , 1266.6 ,    1164
2015-02-06 12:00:00, 1266.6 , 1267.4 , 1266.0 , 1266.2 ,    1165
2015-02-06 13:00:00, 1266.1 , 1269.0 , 1266.1 , 1268.8 ,    1166
2015-02-06 14:00:00, 1268.8 , 1268.9 , 1267.5 , 1268.2 ,    1167
2015-02-06 15:00:00, 1268.2 , 1268.8 , 1266.6 , 1268.3 ,    1168
2015-02-06 16:00:00, 1268.3 , 1268.3 , 1265.1 , 1267.5 ,    1169
2015-02-06 17:00:00, 1267.6 , 1268.1 , 1266.2 , 1267.0 ,    1170
2015-02-06 18:00:00, 1267.0 , 1267.1 , 1264.0 , 1265.1 ,    1171
2015-02-06 19:00:00, 1265.1 , 1265.6 , 1264.0 , 1264.7 ,    1172
2015-02-06 20:00:00, 1264.6 , 1265.6 , 1262.7 , 1265.2 ,    1173
2015-02-06 21:00:00, 1265.2 , 1267.2 , 1245.0 , 1246.8 ,    1174
2015-02-06 22:00:00, 1246.7 , 1246.7 , 1237.3 , 1242.4 ,    1175
2015-02-06 23:00:00, 1242.3 , 1242.3 , 1233.3 , 1234.0 ,    1176
2015-02-07 00:00:00, 1233.9 , 1235.2 , 1228.2 , 1232.1 ,    1177
2015-02-07 01:00:00, 1232.0 , 1233.3 , 1230.9 , 1232.3 ,    1178
2015-02-07 02:00:00, 1232.4 , 1236.4 , 1231.9 , 1234.8 ,    1179
2015-02-07 03:00:00, 1234.8 , 1235.8 , 1233.4 , 1234.5 ,    1180
2015-02-07 04:00:00, 1234.4 , 1237.8 , 1234.4 , 1235.6 ,    1181
2015-02-07 05:00:00, 1235.4 , 1236.0 , 1232.2 , 1233.9 ,    1182
2015-02-07 06:00:00, 1234.1 , 1234.3 , 1232.6 , 1233.3 ,    1183
2015-02-09 07:00:00, 1235.9 , 1239.1 , 1234.4 , 1238.1 ,    1184
2015-02-09 08:00:00, 1238.2 , 1238.3 , 1235.3 , 1237.5 ,    1185
2015-02-09 09:00:00, 1237.6 , 1239.5 , 1236.0 , 1238.9 ,    1186
2015-02-09 10:00:00, 1238.9 , 1239.3 , 1238.0 , 1238.4 ,    1187
2015-02-09 11:00:00, 1238.4 , 1238.5 , 1236.2 , 1237.3 ,    1188
2015-02-09 12:00:00, 1237.3 , 1237.5 , 1236.6 , 1237.5 ,    1189
2015-02-09 13:00:00, 1237.4 , 1238.5 , 1236.3 , 1238.3 ,    1190
2015-02-09 14:00:00, 1238.3 , 1240.0 , 1237.8 , 1239.6 ,    1191
2015-02-09 15:00:00, 1239.6 , 1240.7 , 1238.4 , 1240.0 ,    1192
2015-02-09 16:00:00, 1240.0 , 1242.6 , 1238.9 , 1239.9 ,    1193
2015-02-09 17:00:00, 1239.9 , 1242.6 , 1239.7 , 1242.2 ,    1194
2015-02-09 18:00:00, 1242.3 , 1243.6 , 1240.7 , 1241.3 ,    1195
2015-02-09 19:00:00, 1241.4 , 1242.3 , 1240.5 , 1241.3 ,    1196
2015-02-09 20:00:00, 1241.3 , 1241.3 , 1237.5 , 1239.1 ,    1197
2015-02-09 21:00:00, 1239.1 , 1240.9 , 1236.0 , 1236.4 ,    1198
2015-02-09 22:00:00, 1236.3 , 1239.1 , 1236.2 , 1239.1 ,    1199
2015-02-09 23:00:00, 1239.1 , 1243.3 , 1238.2 , 1241.0 ,    1200
2015-02-10 00:00:00, 1240.9 , 1241.7 , 1239.2 , 1239.7 ,    1201
2015-02-10 01:00:00, 1239.6 , 1240.5 , 1238.2 , 1240.0 ,    1202
2015-02-10 02:00:00, 1240.0 , 1242.0 , 1239.8 , 1241.9 ,    1203
2015-02-10 03:00:00, 1242.0 , 1242.2 , 1241.1 , 1241.2 ,    1204
2015-02-10 04:00:00, 1241.2 , 1242.4 , 1240.5 , 1240.8 ,    1205
2015-02-10 05:00:00, 1240.9 , 1240.9 , 1238.8 , 1238.9 ,    1206
2015-02-10 06:00:00, 1238.8 , 1239.2 , 1238.3 , 1238.7 ,    1207
2015-02-10 07:00:00, 1238.3 , 1239.3 , 1237.9 , 1238.6 ,    1208
2015-02-10 08:00:00, 1238.8 , 1239.9 , 1238.5 , 1239.8 ,    1209
2015-02-10 09:00:00, 1239.8 , 1242.1 , 1239.6 , 1241.5 ,    1210
2015-02-10 10:00:00, 1241.4 , 1245.5 , 1240.8 , 1243.5 ,    1211
2015-02-10 11:00:00, 1243.5 , 1244.1 , 1242.6 , 1243.0 ,    1212
2015-02-10 12:00:00, 1243.0 , 1243.1 , 1242.3 , 1242.6 ,    1213
2015-02-10 13:00:00, 1242.5 , 1245.1 , 1242.2 , 1244.7 ,    1214
2015-02-10 14:00:00, 1244.7 , 1245.9 , 1244.1 , 1244.1 ,    1215
2015-02-10 15:00:00, 1244.2 , 1244.9 , 1242.4 , 1242.9 ,    1216
2015-02-10 16:00:00, 1242.7 , 1244.0 , 1240.1 , 1240.7 ,    1217
2015-02-10 17:00:00, 1240.7 , 1241.2 , 1238.6 , 1239.4 ,    1218
2015-02-10 18:00:00, 1239.4 , 1239.4 , 1236.6 , 1237.9 ,    1219
2015-02-10 19:00:00, 1237.9 , 1238.7 , 1235.0 , 1236.8 ,    1220
2015-02-10 20:00:00, 1236.7 , 1239.9 , 1233.3 , 1238.7 ,    1221
2015-02-10 21:00:00, 1238.6 , 1240.0 , 1235.5 , 1237.5 ,    1222
2015-02-10 22:00:00, 1237.6 , 1237.8 , 1232.1 , 1234.8 ,    1223
2015-02-10 23:00:00, 1234.7 , 1239.9 , 1232.5 , 1237.8 ,    1224
2015-02-11 00:00:00, 1237.6 , 1238.0 , 1235.1 , 1236.2 ,    1225
2015-02-11 01:00:00, 1236.3 , 1237.2 , 1232.4 , 1233.4 ,    1226
2015-02-11 02:00:00, 1233.5 , 1234.8 , 1230.6 , 1232.2 ,    1227
2015-02-11 03:00:00, 1232.1 , 1235.5 , 1231.7 , 1234.3 ,    1228
2015-02-11 04:00:00, 1234.3 , 1234.9 , 1233.3 , 1233.8 ,    1229
2015-02-11 05:00:00, 1233.7 , 1234.7 , 1233.2 , 1233.4 ,    1230
2015-02-11 06:00:00, 1233.4 , 1233.9 , 1233.1 , 1233.7 ,    1231
2015-02-11 07:00:00, 1234.1 , 1234.4 , 1233.3 , 1233.3 ,    1232
2015-02-11 08:00:00, 1233.4 , 1236.2 , 1233.2 , 1234.7 ,    1233
2015-02-11 09:00:00, 1234.7 , 1237.9 , 1234.6 , 1237.3 ,    1234
2015-02-11 10:00:00, 1237.4 , 1238.1 , 1237.1 , 1237.6 ,    1235
2015-02-11 11:00:00, 1237.7 , 1237.8 , 1236.4 , 1236.6 ,    1236
2015-02-11 12:00:00, 1236.4 , 1237.5 , 1235.8 , 1237.5 ,    1237
2015-02-11 13:00:00, 1237.5 , 1238.5 , 1237.0 , 1238.5 ,    1238
2015-02-11 14:00:00, 1238.5 , 1238.7 , 1237.1 , 1237.4 ,    1239
2015-02-11 15:00:00, 1237.4 , 1238.6 , 1236.5 , 1237.9 ,    1240
2015-02-11 16:00:00, 1238.0 , 1238.0 , 1235.2 , 1237.4 ,    1241
2015-02-11 17:00:00, 1237.4 , 1238.1 , 1236.6 , 1237.3 ,    1242
2015-02-11 18:00:00, 1237.2 , 1237.8 , 1232.8 , 1234.0 ,    1243
2015-02-11 19:00:00, 1233.9 , 1235.2 , 1233.0 , 1235.1 ,    1244
2015-02-11 20:00:00, 1235.1 , 1238.1 , 1234.7 , 1236.5 ,    1245
2015-02-11 21:00:00, 1236.6 , 1237.0 , 1232.0 , 1234.1 ,    1246
2015-02-11 22:00:00, 1234.3 , 1235.5 , 1223.2 , 1224.6 ,    1247
2015-02-11 23:00:00, 1224.7 , 1225.4 , 1221.0 , 1222.6 ,    1248
2015-02-12 00:00:00, 1222.6 , 1225.2 , 1220.6 , 1223.8 ,    1249
2015-02-12 01:00:00, 1223.8 , 1224.5 , 1221.6 , 1223.0 ,    1250
2015-02-12 02:00:00, 1223.0 , 1223.1 , 1218.2 , 1220.1 ,    1251
2015-02-12 03:00:00, 1220.0 , 1221.5 , 1219.1 , 1220.4 ,    1252
2015-02-12 04:00:00, 1220.4 , 1221.8 , 1219.0 , 1219.3 ,    1253
2015-02-12 05:00:00, 1219.2 , 1220.6 , 1216.5 , 1218.7 ,    1254
2015-02-12 06:00:00, 1218.8 , 1219.3 , 1216.7 , 1218.3 ,    1255
2015-02-12 07:00:00, 1218.3 , 1220.5 , 1218.0 , 1220.4 ,    1256
2015-02-12 08:00:00, 1220.4 , 1221.6 , 1220.1 , 1220.9 ,    1257
2015-02-12 09:00:00, 1220.9 , 1223.8 , 1220.7 , 1222.0 ,    1258
2015-02-12 10:00:00, 1222.0 , 1223.0 , 1220.4 , 1221.0 ,    1259
2015-02-12 11:00:00, 1221.0 , 1221.3 , 1218.8 , 1220.0 ,    1260
2015-02-12 12:00:00, 1220.0 , 1221.4 , 1219.5 , 1220.8 ,    1261
2015-02-12 13:00:00, 1220.7 , 1222.1 , 1220.2 , 1222.1 ,    1262
2015-02-12 14:00:00, 1221.9 , 1222.9 , 1221.3 , 1221.9 ,    1263
2015-02-12 15:00:00, 1221.9 , 1223.4 , 1221.5 , 1222.7 ,    1264
2015-02-12 16:00:00, 1222.6 , 1232.8 , 1221.4 , 1226.5 ,    1265
2015-02-12 17:00:00, 1226.6 , 1227.8 , 1222.1 , 1224.8 ,    1266
2015-02-12 18:00:00, 1224.9 , 1226.2 , 1222.5 , 1222.9 ,    1267
2015-02-12 19:00:00, 1223.0 , 1224.8 , 1222.7 , 1223.6 ,    1268
2015-02-12 20:00:00, 1223.5 , 1224.5 , 1221.2 , 1223.6 ,    1269
2015-02-12 21:00:00, 1223.4 , 1227.6 , 1222.5 , 1225.1 ,    1270
2015-02-12 22:00:00, 1225.1 , 1227.1 , 1223.1 , 1223.4 ,    1271
2015-02-12 23:00:00, 1223.3 , 1224.0 , 1219.6 , 1222.4 ,    1272
2015-02-13 00:00:00, 1222.4 , 1226.0 , 1222.2 , 1224.8 ,    1273
2015-02-13 01:00:00, 1224.6 , 1224.9 , 1219.3 , 1219.6 ,    1274
2015-02-13 02:00:00, 1219.7 , 1221.7 , 1219.2 , 1220.8 ,    1275
2015-02-13 03:00:00, 1220.7 , 1222.6 , 1220.5 , 1222.1 ,    1276
2015-02-13 04:00:00, 1222.1 , 1223.3 , 1221.7 , 1221.7 ,    1277
2015-02-13 05:00:00, 1221.8 , 1222.3 , 1221.1 , 1221.5 ,    1278
2015-02-13 06:00:00, 1221.5 , 1222.1 , 1221.5 , 1221.7 ,    1279
2015-02-13 07:00:00, 1223.0 , 1224.0 , 1222.7 , 1223.4 ,    1280
2015-02-13 08:00:00, 1223.3 , 1224.7 , 1223.0 , 1223.3 ,    1281
2015-02-13 09:00:00, 1223.3 , 1225.5 , 1222.5 , 1224.9 ,    1282
2015-02-13 10:00:00, 1224.8 , 1226.2 , 1224.5 , 1226.0 ,    1283
2015-02-13 11:00:00, 1226.0 , 1228.7 , 1225.9 , 1228.1 ,    1284
2015-02-13 12:00:00, 1228.1 , 1228.5 , 1226.7 , 1227.6 ,    1285
2015-02-13 13:00:00, 1227.7 , 1230.4 , 1227.2 , 1229.5 ,    1286
2015-02-13 14:00:00, 1229.5 , 1230.9 , 1228.5 , 1230.2 ,    1287
2015-02-13 15:00:00, 1230.1 , 1230.7 , 1228.6 , 1228.8 ,    1288
2015-02-13 16:00:00, 1228.8 , 1229.2 , 1225.9 , 1226.1 ,    1289
2015-02-13 17:00:00, 1226.0 , 1227.8 , 1225.6 , 1226.7 ,    1290
2015-02-13 18:00:00, 1226.8 , 1227.0 , 1223.6 , 1224.6 ,    1291
2015-02-13 19:00:00, 1224.7 , 1225.4 , 1223.0 , 1223.7 ,    1292
2015-02-13 20:00:00, 1223.7 , 1225.3 , 1223.3 , 1225.0 ,    1293
2015-02-13 21:00:00, 1225.0 , 1231.2 , 1224.9 , 1228.1 ,    1294
2015-02-13 22:00:00, 1228.1 , 1231.6 , 1226.8 , 1230.6 ,    1295
2015-02-13 23:00:00, 1230.7 , 1234.9 , 1230.3 , 1232.1 ,    1296
2015-02-14 00:00:00, 1232.1 , 1232.9 , 1228.2 , 1228.9 ,    1297
2015-02-14 01:00:00, 1228.9 , 1231.2 , 1228.3 , 1229.8 ,    1298
2015-02-14 02:00:00, 1229.7 , 1229.7 , 1226.6 , 1228.5 ,    1299
2015-02-14 03:00:00, 1228.4 , 1229.7 , 1227.8 , 1229.0 ,    1300
2015-02-14 04:00:00, 1228.9 , 1229.1 , 1227.8 , 1228.3 ,    1301
2015-02-14 05:00:00, 1228.4 , 1229.6 , 1228.2 , 1229.4 ,    1302
2015-02-14 06:00:00, 1229.3 , 1229.4 , 1227.9 , 1227.9 ,    1303
2015-02-16 07:00:00, 1227.5 , 1229.3 , 1227.0 , 1228.7 ,    1304
2015-02-16 08:00:00, 1228.7 , 1231.4 , 1228.6 , 1230.2 ,    1305
2015-02-16 09:00:00, 1230.2 , 1231.0 , 1228.9 , 1230.9 ,    1306
2015-02-16 10:00:00, 1230.8 , 1233.3 , 1230.8 , 1233.1 ,    1307
2015-02-16 11:00:00, 1233.1 , 1233.6 , 1232.4 , 1232.8 ,    1308
2015-02-16 12:00:00, 1232.8 , 1232.9 , 1231.8 , 1232.1 ,    1309
2015-02-16 13:00:00, 1232.2 , 1232.4 , 1231.3 , 1231.8 ,    1310
2015-02-16 14:00:00, 1231.7 , 1234.2 , 1231.4 , 1233.1 ,    1311
2015-02-16 15:00:00, 1233.1 , 1236.7 , 1232.8 , 1234.6 ,    1312
2015-02-16 16:00:00, 1234.6 , 1235.3 , 1233.0 , 1234.2 ,    1313
2015-02-16 17:00:00, 1234.3 , 1235.1 , 1233.2 , 1233.9 ,    1314
2015-02-16 18:00:00, 1233.8 , 1234.6 , 1232.8 , 1233.2 ,    1315
2015-02-16 19:00:00, 1233.2 , 1234.4 , 1233.2 , 1233.9 ,    1316
2015-02-16 20:00:00, 1233.9 , 1234.7 , 1231.3 , 1232.3 ,    1317
2015-02-16 21:00:00, 1232.3 , 1233.7 , 1231.6 , 1232.7 ,    1318
2015-02-16 22:00:00, 1232.6 , 1232.8 , 1229.4 , 1230.7 ,    1319
2015-02-16 23:00:00, 1230.7 , 1234.7 , 1229.4 , 1231.2 ,    1320
2015-02-17 00:00:00, 1231.1 , 1232.4 , 1230.0 , 1232.4 ,    1321
2015-02-17 01:00:00, 1232.4 , 1232.4 , 1229.4 , 1230.8 ,    1322
2015-02-17 07:00:00, 1230.9 , 1233.1 , 1230.4 , 1231.7 ,    1323
2015-02-17 08:00:00, 1231.6 , 1233.8 , 1230.8 , 1233.8 ,    1324
2015-02-17 09:00:00, 1233.8 , 1233.8 , 1231.1 , 1231.7 ,    1325
2015-02-17 10:00:00, 1231.6 , 1232.0 , 1228.5 , 1228.5 ,    1326
2015-02-17 11:00:00, 1228.5 , 1229.3 , 1227.1 , 1227.6 ,    1327
2015-02-17 12:00:00, 1227.5 , 1228.1 , 1225.8 , 1227.6 ,    1328
2015-02-17 13:00:00, 1227.6 , 1229.5 , 1227.2 , 1228.0 ,    1329
2015-02-17 14:00:00, 1227.9 , 1228.4 , 1224.2 , 1225.0 ,    1330
2015-02-17 15:00:00, 1225.2 , 1225.3 , 1222.9 , 1223.4 ,    1331
2015-02-17 16:00:00, 1223.2 , 1224.3 , 1220.4 , 1221.8 ,    1332
2015-02-17 17:00:00, 1221.8 , 1223.5 , 1220.2 , 1221.8 ,    1333
2015-02-17 18:00:00, 1221.7 , 1224.3 , 1219.6 , 1221.6 ,    1334
2015-02-17 19:00:00, 1221.6 , 1223.4 , 1220.3 , 1222.7 ,    1335
2015-02-17 20:00:00, 1222.7 , 1222.7 , 1218.3 , 1219.7 ,    1336
2015-02-17 21:00:00, 1219.7 , 1224.5 , 1218.6 , 1223.5 ,    1337
2015-02-17 22:00:00, 1223.4 , 1225.2 , 1209.3 , 1210.0 ,    1338
2015-02-17 23:00:00, 1210.2 , 1210.7 , 1203.3 , 1207.4 ,    1339
2015-02-18 00:00:00, 1207.4 , 1207.4 , 1204.6 , 1205.6 ,    1340
2015-02-18 01:00:00, 1205.7 , 1207.1 , 1203.3 , 1206.2 ,    1341
2015-02-18 02:00:00, 1206.3 , 1208.9 , 1205.5 , 1207.3 ,    1342
2015-02-18 03:00:00, 1207.4 , 1208.7 , 1206.7 , 1206.7 ,    1343
2015-02-18 04:00:00, 1206.8 , 1209.2 , 1206.7 , 1208.3 ,    1344
2015-02-18 05:00:00, 1208.1 , 1209.3 , 1207.8 , 1209.2 ,    1345
2015-02-18 06:00:00, 1209.3 , 1209.3 , 1209.0 , 1209.3 ,    1346
2015-02-18 07:00:00, 1209.3 , 1209.4 , 1208.1 , 1209.0 ,    1347
2015-02-18 08:00:00, 1209.0 , 1209.2 , 1207.7 , 1208.3 ,    1348
2015-02-18 09:00:00, 1208.3 , 1208.3 , 1207.3 , 1207.8 ,    1349
2015-02-18 10:00:00, 1207.7 , 1209.1 , 1207.2 , 1207.2 ,    1350
2015-02-18 11:00:00, 1207.3 , 1207.4 , 1205.9 , 1206.3 ,    1351
2015-02-18 12:00:00, 1206.3 , 1208.5 , 1206.3 , 1208.0 ,    1352
2015-02-18 13:00:00, 1208.1 , 1209.2 , 1207.7 , 1209.1 ,    1353
2015-02-18 14:00:00, 1209.1 , 1210.5 , 1208.5 , 1208.9 ,    1354
2015-02-18 15:00:00, 1209.0 , 1210.4 , 1208.2 , 1208.4 ,    1355
2015-02-18 16:00:00, 1208.5 , 1210.5 , 1207.9 , 1209.0 ,    1356
2015-02-18 17:00:00, 1209.0 , 1210.3 , 1207.2 , 1207.7 ,    1357
2015-02-18 18:00:00, 1207.7 , 1208.5 , 1202.0 , 1203.9 ,    1358
2015-02-18 19:00:00, 1204.0 , 1205.8 , 1204.0 , 1205.6 ,    1359
2015-02-18 20:00:00, 1205.5 , 1207.9 , 1204.8 , 1206.6 ,    1360
2015-02-18 21:00:00, 1206.5 , 1209.2 , 1204.3 , 1207.4 ,    1361
2015-02-18 22:00:00, 1207.3 , 1211.6 , 1206.0 , 1207.7 ,    1362
2015-02-18 23:00:00, 1207.7 , 1208.4 , 1204.1 , 1205.8 ,    1363
2015-02-19 00:00:00, 1205.8 , 1205.9 , 1197.2 , 1199.6 ,    1364
2015-02-19 01:00:00, 1199.5 , 1200.5 , 1198.2 , 1200.3 ,    1365
2015-02-19 02:00:00, 1200.3 , 1201.1 , 1198.9 , 1199.2 ,    1366
2015-02-19 03:00:00, 1199.4 , 1213.2 , 1199.4 , 1207.6 ,    1367
2015-02-19 04:00:00, 1207.6 , 1212.0 , 1207.3 , 1210.9 ,    1368
2015-02-19 05:00:00, 1211.0 , 1212.6 , 1210.1 , 1212.0 ,    1369
2015-02-19 06:00:00, 1212.0 , 1213.4 , 1211.8 , 1212.8 ,    1370
2015-02-19 07:00:00, 1212.5 , 1214.9 , 1211.1 , 1212.8 ,    1371
2015-02-19 08:00:00, 1212.8 , 1214.8 , 1212.6 , 1214.3 ,    1372
2015-02-19 09:00:00, 1214.5 , 1215.7 , 1214.3 , 1215.3 ,    1373
2015-02-19 10:00:00, 1215.4 , 1217.4 , 1215.4 , 1216.4 ,    1374
2015-02-19 11:00:00, 1216.3 , 1216.8 , 1215.0 , 1215.6 ,    1375
2015-02-19 12:00:00, 1215.5 , 1216.2 , 1214.7 , 1214.7 ,    1376
2015-02-19 13:00:00, 1214.7 , 1216.6 , 1214.3 , 1216.4 ,    1377
2015-02-19 14:00:00, 1216.2 , 1216.5 , 1214.5 , 1214.5 ,    1378
2015-02-19 15:00:00, 1214.7 , 1215.1 , 1214.0 , 1214.4 ,    1379
2015-02-19 16:00:00, 1214.3 , 1217.7 , 1213.4 , 1215.5 ,    1380
2015-02-19 17:00:00, 1215.5 , 1221.0 , 1214.7 , 1217.7 ,    1381
2015-02-19 18:00:00, 1217.8 , 1219.3 , 1217.4 , 1219.1 ,    1382
2015-02-19 19:00:00, 1219.2 , 1219.7 , 1216.3 , 1218.0 ,    1383
2015-02-19 20:00:00, 1217.8 , 1222.9 , 1217.0 , 1220.8 ,    1384
2015-02-19 21:00:00, 1220.9 , 1221.1 , 1213.6 , 1214.6 ,    1385
2015-02-19 22:00:00, 1214.6 , 1215.2 , 1208.5 , 1209.2 ,    1386
2015-02-19 23:00:00, 1209.3 , 1211.9 , 1207.3 , 1208.5 ,    1387
2015-02-20 00:00:00, 1208.4 , 1213.5 , 1207.1 , 1210.7 ,    1388
2015-02-20 01:00:00, 1210.7 , 1212.4 , 1207.4 , 1207.5 ,    1389
2015-02-20 02:00:00, 1207.6 , 1209.5 , 1206.2 , 1208.9 ,    1390
2015-02-20 03:00:00, 1208.9 , 1209.3 , 1206.9 , 1207.7 ,    1391
2015-02-20 04:00:00, 1207.6 , 1208.0 , 1205.2 , 1207.3 ,    1392
2015-02-20 05:00:00, 1207.3 , 1207.6 , 1206.4 , 1206.5 ,    1393
2015-02-20 06:00:00, 1206.6 , 1207.2 , 1206.5 , 1206.7 ,    1394
2015-02-20 07:00:00, 1208.0 , 1209.1 , 1207.0 , 1208.7 ,    1395
2015-02-20 08:00:00, 1208.8 , 1209.4 , 1208.0 , 1208.9 ,    1396
2015-02-20 09:00:00, 1208.8 , 1209.6 , 1208.5 , 1209.3 ,    1397
2015-02-20 10:00:00, 1209.3 , 1209.5 , 1206.2 , 1206.8 ,    1398
2015-02-20 11:00:00, 1206.7 , 1206.9 , 1205.7 , 1206.0 ,    1399
2015-02-20 12:00:00, 1205.9 , 1207.5 , 1205.8 , 1207.3 ,    1400
2015-02-20 13:00:00, 1207.2 , 1208.0 , 1207.1 , 1207.7 ,    1401
2015-02-20 14:00:00, 1207.8 , 1209.0 , 1207.8 , 1208.4 ,    1402
2015-02-20 15:00:00, 1208.4 , 1208.8 , 1206.7 , 1207.8 ,    1403
2015-02-20 16:00:00, 1207.7 , 1208.6 , 1205.9 , 1207.1 ,    1404
2015-02-20 17:00:00, 1207.0 , 1207.0 , 1201.2 , 1204.2 ,    1405
2015-02-20 18:00:00, 1204.3 , 1204.8 , 1202.8 , 1203.7 ,    1406
2015-02-20 19:00:00, 1203.7 , 1204.3 , 1202.2 , 1203.8 ,    1407
2015-02-20 20:00:00, 1203.8 , 1214.9 , 1202.6 , 1213.7 ,    1408
2015-02-20 21:00:00, 1213.8 , 1215.3 , 1210.9 , 1211.5 ,    1409
2015-02-20 22:00:00, 1211.6 , 1212.8 , 1207.9 , 1209.9 ,    1410
2015-02-20 23:00:00, 1209.9 , 1210.2 , 1204.4 , 1206.6 ,    1411
2015-02-21 00:00:00, 1206.5 , 1207.9 , 1205.1 , 1207.2 ,    1412
2015-02-21 01:00:00, 1207.3 , 1208.7 , 1205.3 , 1206.5 ,    1413
2015-02-21 02:00:00, 1206.6 , 1207.6 , 1199.6 , 1200.3 ,    1414
2015-02-21 03:00:00, 1200.4 , 1201.1 , 1197.7 , 1199.7 ,    1415
2015-02-21 04:00:00, 1199.6 , 1202.2 , 1198.7 , 1200.6 ,    1416
2015-02-21 05:00:00, 1200.6 , 1202.8 , 1200.1 , 1201.5 ,    1417
2015-02-21 06:00:00, 1201.6 , 1203.4 , 1201.2 , 1203.4 ,    1418
